song,nickname,time
涓鐢熶箣瑙,濡栦笘鏃犱紤,2021/12/3 9:08
涓鐢熶箣瑙,瓒呴様鐖辩殑灏忚弴鍑,2021/11/25 17:37
涓鐢熶箣瑙,浼戝崡,2021/11/25 13:09
涓鐢熶箣瑙,浣犵殑闃胯嶅憿,2021/11/24 20:23
涓鐢熶箣瑙,鐪熷彲鐖辩殑灏忛箍濂,2021/11/24 12:48
涓鐢熶箣瑙,Tihiro_,2021/11/23 2:44
涓鐢熶箣瑙,涓変竷浜斾簩闆,2021/11/21 8:58
涓鐢熶箣瑙,XuYu_,2021/11/19 0:54
涓鐢熶箣瑙,43鍙疯楃殑閲戞瘺灏忓摜,2021/11/15 12:42
涓鐢熶箣瑙,-妤犳湪e-,2021/11/14 1:59
涓鐢熶箣瑙,-妤犳湪e-,2021/11/13 4:55
涓鐢熶箣瑙,钘忕煟_cangyi,2021/11/10 23:22
涓鐢熶箣瑙,鍒板簳杩樻湁浠涔堝悕瀛楁病琚鍗犵敤,2021/11/10 12:59
涓鐢熶箣瑙,闀跨櫧灞卞嚭鐐夌殑缇婅倝绮藉瓙,2021/11/6 13:51
涓鐢熶箣瑙,鐧借。z1901,2021/11/6 7:52
涓鐢熶箣瑙,浣犳湁浣曡吹骞,2021/11/3 15:08
涓鐢熶箣瑙,铏炲叜濂堣嫢浣-5-7,2021/10/31 18:17
涓鐢熶箣瑙,鍥㈤ケ楗,2021/10/29 10:32
涓鐢熶箣瑙,閰掍环娌介潚灞,2021/10/27 23:58
涓鐢熶箣瑙,閱夋昏タ椋,2021/10/26 1:03
涓鐢熶箣瑙,鍑犳椂鏄庢湀娆,2021/9/1 4:51
涓鐢熶箣瑙,鍑犳椂鏄庢湀娆,2021/9/1 4:50
涓鐢熶箣瑙,鍗胯惤鐜栫壍,2021/9/1 4:49
涓鐢熶箣瑙,鍑犳椂鏄庢湀娆,2021/9/1 4:43
涓鐢熶箣瑙,濂逛篃鎯崇煡閬,2021/8/28 20:41
涓鐢熶箣瑙,宸存媺宸存媺鏈辨礇濞,2021/8/28 2:38
涓鐢熶箣瑙,鐨庤嫢绉嬫湀鐧,2021/8/26 15:52
涓鐢熶箣瑙,鍗楀闈朹,2021/8/25 0:49
涓鐢熶箣瑙,鍗楀闈朹,2021/8/25 0:40
涓鐢熶箣瑙,寤舵椂蹇,2021/8/24 15:05
涓鐢熶箣瑙,涓澶╁ぉ鍙樿儢,2021/8/23 15:21
涓鐢熶箣瑙,鏂楄摑,2021/8/22 12:21
涓鐢熶箣瑙,瀵勬槬涓庡┑,2021/8/22 7:05
涓鐢熶箣瑙,涓婃潐缁樻ⅷ琛eee,2021/8/22 6:34
涓鐢熶箣瑙,鑽夋湪鐨嗘煋,2021/8/21 10:58
涓鐢熶箣瑙,澧欒晧,2021/8/21 9:36
涓鐢熶箣瑙,澧欒晧,2021/8/21 9:25
涓鐢熶箣瑙,浣犳槸鎴慱HOnw,2021/8/19 17:25
涓鐢熶箣瑙,鏈曠殑鍚嶅瓧鍏涓瀛,2021/8/19 17:16
涓鐢熶箣瑙,鎴栧皵涔堜箞,2021/8/18 16:31
涓鐢熶箣瑙,鏍栭殣瀛,2021/7/1 3:08
涓鐢熶箣瑙,鐢ㄦ埛5061447372,2021/6/26 5:50
涓鐢熶箣瑙,瀛ゆ辰閫,2021/6/24 14:46
涓鐢熶箣瑙,绉︽樊鍥涙椂鏅,2021/6/21 10:22
涓鐢熶箣瑙,浜戝窛-G,2021/6/16 12:16
涓鐢熶箣瑙,杈夌儧鐟剁惃_杩熷ⅷ,2021/6/16 3:06
涓鐢熶箣瑙,榄呭滈棯鐢,2021/6/13 7:59
涓鐢熶箣瑙,铦ｇ嫄,2021/6/7 13:52
涓鐢熶箣瑙,铦ｇ嫄,2021/6/7 13:47
涓鐢熶箣瑙,澹瑰９蹇冩儏,2021/6/4 14:03
涓鐢熶箣瑙,楸奸ㄥ挄鍜曞挄,2021/5/30 5:32
涓鐢熶箣瑙,鏈堝滄殫棣,2021/5/29 22:53
涓鐢熶箣瑙,娓呮湀涓夊壀,2021/5/28 4:14
涓鐢熶箣瑙,浜戞父鍥涙柟鐨勫皬绾㈠附,2021/5/26 15:15
涓鐢熶箣瑙,浣曟剰鏍栧北娴,2021/5/24 13:51
涓鐢熶箣瑙,鍢夊氬疂_lin,2021/5/20 14:47
涓鐢熶箣瑙,鍢夊氬疂_lin,2021/5/20 14:47
涓鐢熶箣瑙,_绶茬凡鍏浜堟_,2021/5/18 3:42
涓鐢熶箣瑙,_绶茬凡鍏浜堟_,2021/5/18 3:37
涓鐢熶箣瑙,_绶茬凡鍏浜堟_,2021/5/18 3:37
涓鐢熶箣瑙,绾讳箣_,2021/3/18 15:02
涓鐢熶箣瑙,绾讳箣_,2021/3/18 15:01
涓鐢熶箣瑙,鏍规ｈ嫍绾㈢殑浣犵殑鐙楄泲,2021/3/18 2:38
涓鐢熶箣瑙,椴搁奔澶濡囩殑灏忓彲鐖,2021/3/17 17:52
涓鐢熶箣瑙,鏄撹景OvO,2021/3/17 0:48
涓鐢熶箣瑙,娴鐢熻嫢姊-涓囩墿閫嗘梾,2021/3/16 8:32
涓鐢熶箣瑙,Shin_sha,2021/3/16 5:57
涓鐢熶箣瑙,鎴戣侀暱楂樹釜,2021/3/15 15:34
涓鐢熶箣瑙,鎴戝拰鎴戠殑Yrix,2021/3/12 4:11
涓鐢熶箣瑙,澶╁績澶滃鸡,2021/3/10 13:36
涓鐢熶箣瑙,绫宠哄瓙鏄绫冲洟瀛,2021/3/7 8:51
涓鐢熶箣瑙,鍛撹惁,2021/3/6 3:54
涓鐢熶箣瑙,閫愮墽1314,2021/3/5 13:31
涓鐢熶箣瑙,鍛撹惁,2021/3/4 19:22
涓鐢熶箣瑙,AparAGOn,2021/2/24 10:36
涓鐢熶箣瑙,ghghhghhg,2021/2/24 8:07
涓鐢熶箣瑙,ghghhghhg,2021/2/24 8:05
涓鐢熶箣瑙,鍏荤尗鏍借姳鐪嬩簯,2021/2/23 12:37
涓鐢熶箣瑙,鍋惰惰惰惰惰,2021/2/21 1:33
涓鐢熶箣瑙,楂樻Щ娉夋暗,2021/2/21 1:05
涓鐢熶箣瑙,little_sos,2021/1/15 15:30
涓鐢熶箣瑙,鐗垫矃_,2021/1/13 16:29
涓鐢熶箣瑙,鍒鍜屽皬鐡滆磋瘽,2021/1/12 8:54
涓鐢熶箣瑙,鏉澶180908,2021/1/11 14:08
涓鐢熶箣瑙,浣犺存箹蹇冧涵杈圭湅涓嶅敖闆,2021/1/10 10:44
涓鐢熶箣瑙,椋熻硅屼吉,2021/1/10 6:26
涓鐢熶箣瑙,鎱曞圭帀娴,2021/1/9 11:39
涓鐢熶箣瑙,鍙栦竴涓鏄电О-___,2021/1/5 15:17
涓鐢熶箣瑙,Phildle,2021/1/5 14:31
涓鐢熶箣瑙,鍙浠涔堟墠鑳借〃杈炬垜鐨勫績鎯,2021/1/2 13:43
涓鐢熶箣瑙,鏁涗笢鏂,2021/1/1 13:19
涓鐢熶箣瑙,-_1028-,2020/12/31 9:53
涓鐢熶箣瑙,澶╃晫杩樼敓_,2020/12/30 23:23
涓鐢熶箣瑙,鏆鑹插井鍑夋亱姝,2020/12/30 0:29
涓鐢熶箣瑙,鎰夸负鍟嗗コ,2020/12/29 1:07
涓鐢熶箣瑙,cape椋庝笌閲,2020/12/28 14:55
涓鐢熶箣瑙,宸у厠鐙哥嫺鐙哥嫺鐙,2020/12/27 15:44
涓鐢熶箣瑙,闇滄湀钀ょ伀,2020/12/25 5:24
涓鐢熶箣瑙,寰″潅缇庣惔Asour,2020/9/24 12:11
涓鐢熶箣瑙,43鍙疯楃殑閲戞瘺灏忓摜,2020/8/31 6:43
涓鐢熶箣瑙,鍏卞拰鍥界殑鍒濇亱,2020/8/31 5:23
涓鐢熶箣瑙,鏈夌儹鐖辫屼笉閬楁喚,2020/8/30 13:17
涓鐢熶箣瑙,zzzzzzzz鐪熺殑鏃犺瘽鍙璇,2020/8/30 6:14
涓鐢熶箣瑙,zzzzzzzz鐪熺殑鏃犺瘽鍙璇,2020/8/30 6:13
涓鐢熶箣瑙,濂规槸棰栧瓙鍚,2020/8/30 4:41
涓鐢熶箣瑙,寤舵椂蹇,2020/8/29 8:30
涓鐢熶箣瑙,鑻﹀忔櫄鏅,2020/8/29 2:32
涓鐢熶箣瑙,MysticStarrr,2020/8/27 16:25
涓鐢熶箣瑙,寤舵椂蹇,2020/8/27 7:15
涓鐢熶箣瑙,楣hey,2020/8/27 5:15
涓鐢熶箣瑙,闀滀竴der,2020/8/26 15:09
涓鐢熶箣瑙,璐╁崠浜哄彛鐨勫皬鍗栭儴鐨勮佹澘,2020/8/25 2:20
涓鐢熶箣瑙,鍝熷惣鍛鍢胯功鎿︽摝,2020/8/24 16:17
涓鐢熶箣瑙,Serein_Ill,2020/8/24 14:44
涓鐢熶箣瑙,鍊掓槧鍦ㄧ獥鍙版ⅶ妗愭灊妗,2020/8/24 5:16
涓鐢熶箣瑙,涓囪埇鐨嗘槹鍛戒付涓,2020/8/23 18:34
涓鐢熶箣瑙,椋庡ぉ浜戠敓_,2020/8/23 2:57
涓鐢熶箣瑙,浜撳畼涓夎嚦,2020/8/23 1:13
涓鐢熶箣瑙,灞辩尗涓庨為笩,2020/8/23 0:40
涓鐢熶箣瑙,绉夊摬鍝,2020/8/4 2:53
涓鐢熶箣瑙,涓嶅勪笉蹇-,2020/8/4 2:37
涓鐢熶箣瑙,杩樻病婊℃湀鐨勫皬鏈堜寒,2020/8/3 18:08
涓鐢熶箣瑙,寤舵椂蹇,2020/8/3 16:42
涓鐢熶箣瑙,绉夊摬鍝,2020/8/3 16:11
涓鐢熶箣瑙,涔熸槸涓鍙ュ績鏈夋墍灞,2020/8/3 13:00
涓鐢熶箣瑙,瀛ょ樉_鍌,2020/8/2 9:55
涓鐢熶箣瑙,涓夊瞾涓欑敓鏃ュ揩涔愬摝,2020/8/2 7:20
涓鐢熶箣瑙,tobethegentleness,2020/8/2 3:33
涓鐢熶箣瑙,鏌0503,2020/8/1 15:17
涓鐢熶箣瑙,娓呯佷缚,2020/8/1 1:41
涓鐢熶箣瑙,darling9567,2020/7/31 14:01
涓鐢熶箣瑙,鏈濈敓鑰屾毊浜,2020/7/31 9:59
涓鐢熶箣瑙,鍗婄墮鏈,2020/7/31 5:02
涓鐢熶箣瑙,_涓涓鎱㈢儹鐨勪汉,2020/7/31 1:14
涓鐢熶箣瑙,璇曞浘鍒嗘硨澶氬反鑳,2020/7/30 1:20
涓鐢熶箣瑙,Plutowt,2020/7/29 12:03
涓鐢熶箣瑙,鑺歌姼闆ㄥ０鐪,2020/7/29 8:01
涓鐢熶箣瑙,闇滄湀韪忛洩杩庢柊鏄,2020/7/28 16:08
涓鐢熶箣瑙,ANcanoe,2020/7/28 15:50
涓鐢熶箣瑙,鏆杩焈mu,2020/7/13 6:26
涓鐢熶箣瑙,绁佸瓙楦,2020/7/13 0:57
涓鐢熶箣瑙,绁佸瓙楦,2020/7/13 0:40
涓鐢熶箣瑙,绁佸瓙楦,2020/7/13 0:37
涓鐢熶箣瑙,澶╄炊Haan,2020/7/12 12:48
涓鐢熶箣瑙,涓杩鍟,2020/7/12 6:07
涓鐢熶箣瑙,鍗峰嵎绗戞冭姳,2020/7/11 7:12
涓鐢熶箣瑙,椋庤交_鑺辫惤杩,2020/7/11 2:52
涓鐢熶箣瑙,鑻忚寖鏉庢檹鏉ㄩ粍绾虫浌澶村彿绮変笣,2020/7/10 16:07
涓鐢熶箣瑙,Dc_2,2020/4/16 10:04
涓鐢熶箣瑙,鐪嬪埌鎴戜簡璇峰姟蹇呭紑蹇冧竴鐐瑰摝,2020/4/16 9:30
涓鐢熶箣瑙,娣￠泤娓呰寳,2020/4/16 8:28
涓鐢熶箣瑙,_鎷╁繂_,2020/4/16 8:13
涓鐢熶箣瑙,鐨撴湀绻佹槦澶,2020/4/16 3:27
涓鐢熶箣瑙,鏋滄眮鐨勫厜,2020/4/15 11:01
涓鐢熶箣瑙,寤舵椂蹇,2020/4/15 10:42
涓鐢熶箣瑙,Wjaoie,2020/4/15 10:32
涓鐢熶箣瑙,涓冧簩1005,2020/4/15 10:21
涓鐢熶箣瑙,CIN_LS,2020/4/15 8:51
涓鐢熶箣瑙,鏋滄眮鐨勫厜,2020/4/15 1:06
涓鐢熶箣瑙,瀹氬績q,2020/4/14 18:54
涓鐢熶箣瑙,Kc鏄鏌瑗,2020/4/14 15:22
涓鐢熶箣瑙,__鑻滆摽__,2020/4/14 14:13
涓鐢熶箣瑙,鎸炶嬩竴楹,2020/4/14 13:45
涓鐢熶箣瑙,缁橀菠涓,2020/4/14 10:22
涓鐢熶箣瑙,鑻忔壎灞,2020/4/14 9:18
涓鐢熶箣瑙,濂藉ソ鐢熸椿0511_,2020/4/14 0:39
涓鐢熶箣瑙,鎻介庡叆姊,2020/4/13 17:54
涓鐢熶箣瑙,AnastasiaBei,2020/4/8 23:44
涓鐢熶箣瑙,鎾炶壊姣涚悆,2020/4/8 13:49
涓鐢熶箣瑙,鏉滄櫙娓,2020/4/8 12:22
涓鐢熶箣瑙,鏉滄櫙娓,2020/4/8 12:20
涓鐢熶箣瑙,鏈堝奖鐢讳簯娣,2020/4/8 12:11
涓鐢熶箣瑙,閱掗兘,2020/4/8 11:47
涓鐢熶箣瑙,璧存渤闃,2020/4/8 11:38
涓鐢熶箣瑙,寤舵椂蹇,2020/4/8 11:19
涓鐢熶箣瑙,杩熷窛鎸芥瓕,2020/4/8 10:11
涓鐢熶箣瑙,鏈堝奖鐢讳簯娣,2020/4/8 6:57
涓鐢熶箣瑙,鏁呬簨鏈瀹寉aya,2020/4/8 6:54
涓鐢熶箣瑙,涓囬噷澶╁崈,2020/4/8 3:53
涓鐢熶箣瑙,MinkHao,2020/4/8 2:50
涓鐢熶箣瑙,闃挎,2020/4/8 1:45
涓鐢熶箣瑙,寤舵椂蹇,2020/4/8 1:40
涓鐢熶箣瑙,AnastasiaBei,2020/4/8 1:13
涓鐢熶箣瑙,鑿呯敯鏅瀛,2020/4/8 0:12
涓鐢熶箣瑙,璧存渤闃,2020/4/7 14:51
涓鐢熶箣瑙,寤舵椂蹇,2020/4/7 13:16
涓鐢熶箣瑙,璧存渤闃,2020/4/7 12:02
涓鐢熶箣瑙,鍥犵壒甯冭幈鐗,2020/4/2 14:51
涓鐢熶箣瑙,鏈闂昏姳娓呯伅,2020/4/2 13:53
涓鐢熶箣瑙,娌欏彂鍏変簡,2020/4/2 12:10
涓鐢熶箣瑙,璇ユ槸蹇冨姩鍟,2020/4/2 11:14
涓鐢熶箣瑙,璁烘懜楸煎拰鐞嗘兂鐨勫叧绯,2020/4/2 10:15
涓鐢熶箣瑙,鍚冧竴鍙ｅ氨鐦︿付,2020/4/2 5:04
涓鐢熶箣瑙,鍏佸畨_Chin,2020/4/2 4:15
涓鐢熶箣瑙,钀у鹃洩qx,2020/4/1 18:52
涓鐢熶箣瑙,钀у鹃洩qx,2020/4/1 18:48
涓鐢熶箣瑙,鎸藉畨鐨勭尗,2020/4/1 17:14
涓鐢熶箣瑙,-灏忓渾楗奸ゼ-,2020/4/1 14:48
涓鐢熶箣瑙,鑼曡寱鐧藉厰555,2020/4/1 13:07
涓鐢熶箣瑙,鍗楃摨x,2020/4/1 6:56
涓鐢熶箣瑙,寤舵椂蹇,2020/4/1 5:43
涓鐢熶箣瑙,鍞変笉瑕佸皬鐬,2020/4/1 4:38
涓鐢熶箣瑙,妤犺タ瑗123,2020/4/1 2:58
涓鐢熶箣瑙,灏戝ザ濂剁殑鎵囧瓙_,2020/4/1 2:15
涓鐢熶箣瑙,寤舵椂蹇,2020/4/1 0:40
涓鐢熶箣瑙,Me-wack,2020/3/31 23:56
涓鐢熶箣瑙,寤舵椂蹇,2020/3/31 16:58
涓鐢熶箣瑙,涓惰秴鍝ュ摜鎯宠浆鍦堝湀,2020/3/27 13:55
涓鐢熶箣瑙,灏卞墤璧板亸閿,2020/3/27 13:39
涓鐢熶箣瑙,鍚у敡鍙鍙璞,2020/3/27 9:42
涓鐢熶箣瑙,Collapsar_ES,2020/3/27 8:00
涓鐢熶箣瑙,鏄庢湀瀵勬垜,2020/3/27 7:02
涓鐢熶箣瑙,鑵块暱2绫冲寳鏋佸厰,2020/3/27 4:32
涓鐢熶箣瑙,iamsomebodyornobody,2020/3/26 23:35
涓鐢熶箣瑙,鐧藉皬濠,2020/3/26 15:52
涓鐢熶箣瑙,#NAME?,2020/3/26 14:26
涓鐢熶箣瑙,鏂颁笘绾浜旇姳鑲,2020/3/26 13:01
涓鐢熶箣瑙,鐧藉皬濠,2020/3/26 10:20
涓鐢熶箣瑙,鑼欒懙MOSS,2020/3/26 10:05
涓鐢熶箣瑙,#NAME?,2020/3/26 9:45
涓鐢熶箣瑙,鏄撳彧楣縚,2020/3/26 9:13
涓鐢熶箣瑙,Luisalinger,2020/3/26 7:43
涓鐢熶箣瑙,Salinger_x,2020/3/26 7:36
涓鐢熶箣瑙,-涓夋湀鏃犲悰-,2020/3/26 3:52
涓鐢熶箣瑙,浜戝喎鍙惰椋,2020/3/26 1:03
涓鐢熶箣瑙,鍏版邯涓夋棩妗冭姳闆,2020/3/26 0:58
涓鐢熶箣瑙,grace鐝,2020/3/25 17:27
涓鐢熶箣瑙,鏅氬畨棰栧効,2020/3/21 13:59
涓鐢熶箣瑙,娴佹槦鍒掕繃鏃犱汉鍖簄,2020/3/21 13:20
涓鐢熶箣瑙,涓鐬鐗,2020/3/21 10:39
涓鐢熶箣瑙,鐠熺帴Kur,2020/3/21 10:28
涓鐢熶箣瑙,娉犳碃瑕佽磋瘽,2020/3/21 7:11
涓鐢熶箣瑙,浣欏皯__,2020/3/21 6:54
涓鐢熶箣瑙,寤舵椂蹇,2020/3/20 17:40
涓鐢熶箣瑙,鐦捐剛,2020/3/20 16:36
涓鐢熶箣瑙,灏忔笖鍜曞櫆鍣淿,2020/3/20 15:41
涓鐢熶箣瑙,鏈变付浣犵殑榧诲瓙鏈変袱涓瀛,2020/3/20 15:35
涓鐢熶箣瑙,绗ㄧㄧ殑钂嬩笁宀,2020/3/20 14:39
涓鐢熶箣瑙,#NAME?,2020/3/20 10:50
涓鐢熶箣瑙,#NAME?,2020/3/20 10:50
涓鐢熶箣瑙,鎴忎笌灞卞,2020/3/20 10:01
涓鐢熶箣瑙,寤舵椂蹇,2020/3/20 9:12
涓鐢熶箣瑙,鍦堝湀鏈夊拻-biu,2020/3/20 7:00
涓鐢熶箣瑙,鏁扮悊鍖栦竴鐢熶箣鏁,2020/3/20 6:36
涓鐢熶箣瑙,鏄浜鐜鍛,2020/2/27 8:39
涓鐢熶箣瑙,鍖楄惂__,2020/2/27 5:37
涓鐢熶箣瑙,绌哄氭爲,2020/2/27 4:58
涓鐢熶箣瑙,瀛︿範鐖辨垜鐖卞︿範51,2020/2/27 3:48
涓鐢熶箣瑙,bbxba,2020/2/27 2:46
涓鐢熶箣瑙,寤舵椂蹇,2020/2/26 12:43
涓鐢熶箣瑙,鐜勬,2020/2/26 11:57
涓鐢熶箣瑙,鐤捐-,2020/2/26 11:18
涓鐢熶箣瑙,鑺辨湡鏈閫,2020/2/20 4:11
涓鐢熶箣瑙,鍚涗笂涔,2020/2/20 2:29
涓鐢熶箣瑙,鏉庣尗鍜鍎,2020/2/19 17:37
涓鐢熶箣瑙,JiangCi-姹熻緸,2020/2/19 16:44
涓鐢熶箣瑙,娌掔拑,2020/2/19 15:31
涓鐢熶箣瑙,闀跨荤荤,2020/2/19 12:08
涓鐢熶箣瑙,姊撴睈-ZiXi,2020/2/19 8:18
涓鐢熶箣瑙,妤氶粠琛,2020/2/19 7:30
涓鐢熶箣瑙,甯濆浗鐙肩姮鐨勮糠濡,2020/2/19 6:35
涓鐢熶箣瑙,LavnderS,2020/2/18 19:22
涓鐢熶箣瑙,澶欐効鏃犵厡,2020/2/18 15:49
涓鐢熶箣瑙,杩欏彧鐔婂晩,2020/2/18 15:11
涓鐢熶箣瑙,Crushpluss,2020/2/18 4:40
涓鐢熶箣瑙,甯愬彿宸叉敞閿,2020/2/18 3:32
涓鐢熶箣瑙,鑻忎笢鍦熺毊_,2020/2/17 17:49
涓鐢熶箣瑙,娣℃槬灞盻1412,2020/2/17 15:21
涓鐢熶箣瑙,瑗胯瘡瀛,2020/2/17 15:03
涓鐢熶箣瑙,寤舵椂蹇,2020/2/17 12:36
涓鐢熶箣瑙,寤舵椂蹇,2020/2/17 12:24
涓鐢熶箣瑙,绔嬫棭鍝,2020/2/17 11:30
涓鐢熶箣瑙,椴佺彮涓冨彿鐨勫摜鍝,2020/2/11 11:29
涓鐢熶箣瑙,鎴戝叾瀹炲ソ鍥,2020/2/10 15:28
涓鐢熶箣瑙,闊╃﹩鏅,2020/2/10 13:57
涓鐢熶箣瑙,娓旂伀鐓ц姳,2020/2/10 12:27
涓鐢熶箣瑙,浠婂ぉ瑕佸紑蹇冨憪,2020/2/10 11:26
涓鐢熶箣瑙,瑕佸ソ濂芥椿鐫i,2020/2/10 10:35
涓鐢熶箣瑙,涓嶆湪灞,2020/2/10 4:15
涓鐢熶箣瑙,鏋滈叡鐢滆吇浜,2020/2/10 3:30
涓鐢熶箣瑙,寮蹇冩病鍒鐨,2020/2/10 1:50
涓鐢熶箣瑙,杩欏彧鐔婂晩,2020/2/9 16:06
涓鐢熶箣瑙,yellow榛勮壊搴熸枡,2020/2/9 14:39
涓鐢熶箣瑙,浣犲ソ鍝囨潕閾舵渤_8w4T,2020/2/9 13:34
涓鐢熶箣瑙,闃曢,2020/2/9 11:42
涓鐢熶箣瑙,娓旇埞鍞辨櫄,2020/2/9 10:42
涓鐢熶箣瑙,澶╃晫杩樼敓_,2020/2/9 8:56
涓鐢熶箣瑙,#NAME?,2020/2/9 5:17
涓鐢熶箣瑙,鍓嶆湀娴姊佷拱鑼跺幓璧,2020/2/9 4:04
涓鐢熶箣瑙,tang84,2020/2/9 1:40
涓鐢熶箣瑙,鍢庡槑鍦ㄨ繖鍛,2020/2/9 1:27
涓鐢熶箣瑙,缈绘粴绐佽,2020/2/8 12:51
涓鐢熶箣瑙,闀垮畨鑺卞贩娣-,2020/2/4 9:10
涓鐢熶箣瑙,alon125,2020/2/4 8:43
涓鐢熶箣瑙,鑷濡瑰圭殑灞呭眳,2020/2/4 7:26
涓鐢熶箣瑙,瑗挎氭湁闈掕。,2020/2/4 6:02
涓鐢熶箣瑙,闄嗗悰鍗,2020/2/4 5:32
涓鐢熶箣瑙,鑺辨淿ggBH,2020/2/4 5:07
涓鐢熶箣瑙,濉炵撼娌充笂椋樿崱鐨勪笁鑹叉爲鍙,2020/2/4 4:29
涓鐢熶箣瑙,鏄庨彙鍊︽柤瑭炶獮,2020/2/4 2:03
涓鐢熶箣瑙,鍖楁ч浘,2020/2/4 0:46
涓鐢熶箣瑙,涓嶇郴鑸焈Y,2020/2/3 13:48
涓鐢熶箣瑙,澶闃冲彲鐕冨啺,2020/2/3 10:56
涓鐢熶箣瑙,鏄鐧借尪a,2020/2/3 9:50
涓鐢熶箣瑙,Kuroishi涓舵殩铏,2020/2/3 4:09
涓鐢熶箣瑙,楂橀敯閰告牴鍢,2020/2/3 2:38
涓鐢熶箣瑙,閲庣考鑽掕崏,2020/2/2 16:50
涓鐢熶箣瑙,鑷鐚猒997,2020/2/2 15:41
涓鐢熶箣瑙,鍠垫矊_,2020/2/2 14:14
涓鐢熶箣瑙,鍑濊悓鐗,2020/2/2 10:41
涓鐢熶箣瑙,鍚嶄负鍙浠ョ殑涓よ吙鍏,2020/2/2 9:50
涓鐢熶箣瑙,灏嗘瘉,2020/2/2 9:42
涓鐢熶箣瑙,瑗胯瘡瀛,2020/1/20 16:23
涓鐢熶箣瑙,Der--Tod,2020/1/20 13:05
涓鐢熶箣瑙,瀹㈣タ椹灏艰姳鍥,2020/1/20 9:27
涓鐢熶箣瑙,鑿犺悵鍛崇殑铚滅硸,2020/1/20 8:06
涓鐢熶箣瑙,浜戠敓鐩告濋暱,2020/1/20 6:33
涓鐢熶箣瑙,funnymuddypee,2020/1/20 1:11
涓鐢熶箣瑙,鏄庢湀鏄犻洩纰ф捣澶,2020/1/19 15:07
涓鐢熶箣瑙,闆鹃殣鏈旀湀鍗,2020/1/19 12:08
涓鐢熶箣瑙,鎴戞槸鐙瀛愪綘閫犲悧,2020/1/19 2:34
涓鐢熶箣瑙,_瀚ｇ劧娴呯瑧_,2020/1/18 5:09
涓鐢熶箣瑙,鏄撶偣涔熶笉婀,2020/1/18 3:55
涓鐢熶箣瑙,鍙剁嬪叜,2020/1/17 15:42
涓鐢熶箣瑙,鑺鏍瀛,2020/1/17 9:32
涓鐢熶箣瑙,灏樼卞烦,2020/1/17 9:23
涓鐢熶箣瑙,鐟捐皺,2020/1/16 16:14
涓鐢熶箣瑙,鏂肩敓濂旇荡涓棰楁槦,2020/1/16 16:06
涓鐢熶箣瑙,浠婃櫄鍋氫粈涔--,2020/1/16 16:04
涓鐢熶箣瑙,鐟捐皺,2020/1/16 15:56
涓鐢熶箣瑙,甯屼笉鎷夊笇閰盻,2020/1/16 1:38
涓鐢熶箣瑙,闇滄湀鑺盻,2020/1/15 17:35
鐓ч【鐫鍘嗕唬鐨勬槦杈,,
鈥斺旂櫧楣ゆ灄,,
涓鐢熶箣瑙,浜堟、,2020/1/2 11:32
涓鐢熶箣瑙,鏉鹃紶缂撶紦涓捐捣灏惧反鐒跺悗,2020/1/2 9:06
涓鐢熶箣瑙,浜戣嫢鍏澶,2020/1/2 5:11
涓鐢熶箣瑙,鍗楅庣煡io,2020/1/2 0:36
涓鐢熶箣瑙,涓钃戠儫闆ㄤ换骞崇敓mio,2020/1/1 9:09
涓鐢熶箣瑙,甯冨凹甯冨凹鍠,2020/1/1 9:03
涓鐢熶箣瑙,缍叉嚳閶1,2020/1/1 8:41
涓鐢熶箣瑙,杩滆繙鐨勭倰鏍楀瓙,2020/1/1 4:55
涓鐢熶箣瑙,鏈夋ⅵ鎯冲墤绾,2020/1/1 4:28
涓鐢熶箣瑙,鐜夋竻鐤,2020/1/1 1:56
涓鐢熶箣瑙,funnymuddypee,2019/12/31 17:52
涓鐢熶箣瑙,鍥為栨湀鏄庢槦绋,2019/12/31 17:03
涓鐢熶箣瑙,鐩兼湜鏈堝厜濂旀祦,2019/12/31 16:32
涓鐢熶箣瑙,鐩兼湜鏈堝厜濂旀祦,2019/12/31 16:31
涓鐢熶箣瑙,鍏寰嬪悎楦,2019/12/31 16:15
涓鐢熶箣瑙,鍗″崱鍗″崱鍗″崱绫冲皵,2019/12/31 14:12
涓鐢熶箣瑙,浣犳槸鏍肩墿鑷翠笉鐭,2019/12/31 12:48
涓鐢熶箣瑙,鍏ョ湢cnmua,2019/12/31 11:24
涓鐢熶箣瑙,鍜曞櫆灏忓峩i,2019/12/31 11:23
涓鐢熶箣瑙,鍏ョ湢cnmua,2019/12/31 11:23
涓鐢熶箣瑙,澶滅獥杩滅満鏈鍏ョ潯,2019/12/28 13:00
涓鐢熶箣瑙,濂氭矇鐠,2019/12/28 12:47
涓鐢熶箣瑙,浜戦祿,2019/12/28 11:52
涓鐢熶箣瑙,鏉捐垷鐪,2019/12/28 10:20
涓鐢熶箣瑙,澶╃┖椋樻潵鐨勪竴鍙钃濋哺,2019/12/28 10:08
涓鐢熶箣瑙,鍗楀寳_GsuO,2019/12/28 9:46
涓鐢熶箣瑙,Anne-Jam,2019/12/28 8:28
涓鐢熶箣瑙,涓囬噷鏅寸┖5888,2019/12/28 5:40
涓鐢熶箣瑙,绾电伀鍥㈠洟闀,2019/12/27 23:51
涓鐢熶箣瑙,鏈堜寒鎶曢掑憳涓鍙,2019/12/27 17:19
涓鐢熶箣瑙,妯辫幒澶т緺,2019/12/27 7:03
涓鐢熶箣瑙,鏃跺厜璁╀綘閬楀繕,2019/12/27 2:54
涓鐢熶箣瑙,honeyknife,2019/12/27 2:40
涓鐢熶箣瑙,鐗涢】鐨勮嫻鏋減s,2019/12/27 2:00
涓鐢熶箣瑙,Yong-----forever,2019/12/26 12:49
涓鐢熶箣瑙,鏄浜戞煉鏌掑悥,2019/12/26 11:21
涓鐢熶箣瑙,琚閬鐩栫殑浜,2019/12/26 9:37
涓鐢熶箣瑙,鏄浜戞煉鏌掑悥,2019/12/26 9:07
涓鐢熶箣瑙,瀵逛簡鑳冨彛鍧忎簡閮芥兂瑕,2019/12/26 7:26
涓鐢熶箣瑙,orange4556,2019/12/26 4:03
涓鐢熶箣瑙,鐑鐖辫汉鐫鐨勬瘺姣涜櫕,2019/12/21 3:42
涓鐢熶箣瑙,榄忕絻,2019/12/20 18:23
涓鐢熶箣瑙,鍞鐙蹇冭烦杩樺緢娓呮櫚,2019/12/20 14:51
涓鐢熶箣瑙,涓嶈ユ枩鎻掓捣妫犺姳,2019/12/20 13:53
涓鐢熶箣瑙,鏉捐垷鐪,2019/12/20 12:36
涓鐢熶箣瑙,浣曟鍗冨瞾蹇,2019/12/20 11:31
涓鐢熶箣瑙,鍐嶈佸啀鏃犺█,2019/12/20 9:15
涓鐢熶箣瑙,娴闆叉父渚犲氬皯骞,2019/12/20 8:09
涓鐢熶箣瑙,澶忔棩娓愯繎,2019/12/19 13:35
涓鐢熶箣瑙,future-are-cute,2019/12/19 2:53
涓鐢熶箣瑙,鎸佺画鎬т笉鎯冲姩,2019/12/19 2:28
涓鐢熶箣瑙,鏉ヤ笘鍋氫竴閬撳厜,2019/12/18 17:28
涓鐢熶箣瑙,鎯充綘鐨勯洩鑺辨斁鑲嗗湪蹇冮噷钀戒笅,2019/12/18 13:09
涓鐢熶箣瑙,鎯充綘鐨勯洩鑺辨斁鑲嗗湪蹇冮噷钀戒笅,2019/12/18 13:07
涓鐢熶箣瑙,灏忛奔骞茶村畠娑ㄤ环浜,2019/12/18 12:44
涓鐢熶箣瑙,鏈濂界殑鏌掓湀,2019/12/18 5:00
涓鐢熶箣瑙,Clumnsgy,2019/12/17 7:37
涓鐢熶箣瑙,蹇鏉ユ澂鐑鍙鍙,2019/12/17 4:41
涓鐢熶箣瑙,鏈堥檲_,2019/12/17 4:31
涓鐢熶箣瑙,鎴戜笉鎳備綘鍚鐨勬瓕,2019/12/17 4:22
涓鐢熶箣瑙,涓嶅彲鎶楀姏jxz,2019/12/10 14:18
涓鐢熶箣瑙,娴佽炴洸姘-ws-,2019/12/10 13:28
涓鐢熶箣瑙,涓鏋虫湀楗,2019/12/9 14:58
涓鐢熶箣瑙,澶甯堥,2019/12/9 11:19
涓鐢熶箣瑙,濡備篃-----------,2019/12/9 3:07
涓鐢熶箣瑙,lycpt,2019/12/8 10:57
涓鐢熶箣瑙,鐢佃瘽鍙穇TT3V,2019/12/7 17:52
涓鐢熶箣瑙,SUNNVIA-,2019/12/7 11:11
涓鐢熶箣瑙,瀵勪汉闂碦W,2019/12/7 7:18
涓鐢熶箣瑙,鎵т竴閮,2019/12/7 3:43
鍙杩欐槸鎴戜竴鍘㈡湰鎰 濂堜綍浣犲嵈璁╂垜鑳屼笂鍓 鍘昏拷閫愭ⅵ ,,
涓鏇茬孩灏樺幓 鐩稿繕浜庡堜綍,,
涓鐢熶箣瑙,娴佽炴洸姘-ws-,2019/12/5 11:34
涓鐢熶箣瑙,鏄庡Sceria,2019/12/5 10:18
涓鐢熶箣瑙,浠婂ぉ鏈夌埍闉嶅北灏忛┈,2019/12/4 16:01
涓鐢熶箣瑙,闇夐湁鐨勫皬鍙鐖卞憪,2019/12/3 16:15
涓鐢熶箣瑙,闇夐湁鐨勫皬鍙鐖卞憪,2019/12/3 16:14
涓鐢熶箣瑙,涓浜轰笌褰辨垚鍙,2019/12/3 15:01
涓鐢熶箣瑙,涓鏇查搩闊,2019/12/3 12:32
涓鐢熶箣瑙,甯愬彿宸叉敞閿,2019/12/3 10:55
涓鐢熶箣瑙,甯愬彿宸叉敞閿,2019/12/3 10:54
涓鐢熶箣瑙,鎴戝伓鍍忔槸璁稿旦,2019/12/3 2:48
涓鐢熶箣瑙,閾惰,2019/11/17 15:12
涓鐢熶箣瑙,璺杩囦汉闂確Mr,2019/11/17 7:02
涓鐢熶箣瑙,鍚嶄负鍙浠ョ殑涓よ吙鍏,2019/11/16 13:08
涓鐢熶箣瑙,鎴戠殑绁炴槑涓嶇伃,2019/11/16 12:46
涓鐢熶箣瑙,娴佽炲悰,2019/11/16 2:51
涓鐢熶箣瑙,blablablapu,2019/11/14 13:37
涓鐢熶箣瑙,浼婁笢娓,2019/11/14 5:58
涓鐢熶箣瑙,鏃╄繃涓涓澶,2019/11/13 15:03
涓鐢熶箣瑙,璋涗粰1801,2019/11/11 14:27
涓鐢熶箣瑙,鎴戝績鍚戝北鍏鍚涘績鍚戞按,2019/11/11 11:40
涓鐢熶箣瑙,濂堟渤妗ョ浉瑙佹効浣犵瑧濡傚綋骞,2019/11/11 1:21
涓鐢熶箣瑙,mini鏃,2019/11/11 1:19
涓鐢熶箣瑙,鑰佸疄宸翠氦鐨勬晠瀛,2019/11/10 8:35
涓鐢熶箣瑙,渚垫檽绐ユ獝鏄,2019/11/10 7:58
涓鐢熶箣瑙,鍐版儚澧ㄦ喎,2019/11/9 15:51
涓鐢熶箣瑙,鑺辩敓绯朹h,2019/11/8 15:15
涓鐢熶箣瑙,钖勮嵎娓呮堡鎸傞潰,2019/11/8 14:18
涓鐢熶箣瑙,娌愮紭楸,2019/11/7 7:23
涓鐢熶箣瑙,闈掔伅濡傝眴w,2019/11/7 4:21
涓鐢熶箣瑙,Ciboperpesci,2019/11/6 14:21
涓鐢熶箣瑙,闈炲潬鍗抽,2019/10/22 13:11
涓鐢熶箣瑙,閾冧笉鐏礯,2019/10/22 12:55
涓鐢熶箣瑙,閾冧笉鐏礯,2019/10/22 12:53
涓鐢熶箣瑙,椋庨搩fl_,2019/10/22 11:13
涓鐢熶箣瑙,鍙ｄ篂楗ｅ寘浜,2019/10/22 10:57
涓鐢熶箣瑙,姊﹁３閰掔暀,2019/10/22 7:43
涓鐢熶箣瑙,鍗佹柟妗冩簮,2019/10/22 4:27
涓鐢熶箣瑙,鏈鐞嗚В,2019/10/20 11:32
涓鐢熶箣瑙,澶цタ鍑燨0,2019/10/19 16:12
涓鐢熶箣瑙,澶цタ鍑燨0,2019/10/19 16:00
涓鐢熶箣瑙,姹姊﹀皯濂,2019/10/19 14:15
涓鐢熶箣瑙,瓒呰嚜鐒朵竴浜虹粍,2019/10/19 10:22
涓鐢熶箣瑙,缇庝附鐨勬垜鍜屾垜濡,2019/10/17 13:10
涓鐢熶箣瑙,鏅忓瞾澶氱箒闇,2019/10/17 8:49
涓鐢熶箣瑙,姘ㄨ〒,2019/10/17 5:47
涓鐢熶箣瑙,鏋鏈ㄩ洦閫㈡槬,2019/10/17 2:11
涓鐢熶箣瑙,鑻ユ按鍗楅-,2019/10/17 1:42
涓鐢熶箣瑙,鐞嗘兂楂樺彴_,2019/10/16 11:23
涓鐢熶箣瑙,缁滆叜鑳″瓙H,2019/10/16 1:37
涓鐢熶箣瑙,鎺忕┖鐨勬湪澶存々,2019/10/16 0:31
涓鐢熶箣瑙,鍙鎬鎴戜滑鐖卞緱閭ｄ箞姹规秾鐖卞緱閭ｄ箞娣,2019/9/23 14:07
涓鐢熶箣瑙,鍐扮硸鏄熸槦x,2019/9/23 13:34
涓鐢熶箣瑙,鐙傜瑧鍗,2019/9/22 4:14
涓鐢熶箣瑙,闀挎矙绗涓寮犲﹀弸,2019/9/20 13:56
涓鐢熶箣瑙,鍗楄櫈joy,2019/9/20 12:51
涓鐢熶箣瑙,澶闈炲,2019/9/20 4:57
涓鐢熶箣瑙,鑻ヨ嚜鎴愬畤瀹檁,2019/9/18 12:17
涓鐢熶箣瑙,evil---------,2019/9/17 22:06
涓鐢熶箣瑙,鎴夸笢鐨勭綏灏忛粦,2019/9/17 15:10
涓鐢熶箣瑙,鎴夸笢鐨勭綏灏忛粦,2019/9/17 14:51
涓鐢熶箣瑙,37搴︾殑鍐版按,2019/9/17 13:23
涓鐢熶箣瑙,绱犲饱涔嬪線zw,2019/9/16 8:41
涓鐢熶箣瑙,鏉澶1704,2019/9/14 8:46
涓鐢熶箣瑙,姗樺瓙閰嶆煚妾姘確,2019/9/13 11:18
涓鐢熶箣瑙,鑾灏1703,2019/9/10 11:31
涓鐢熶箣瑙,娆瑰櫒1810,2019/9/10 5:12
涓鐢熶箣瑙,浜烘疆鎷ユ尋8365,2019/9/10 4:49
涓鐢熶箣瑙,鍐扮硸鏄熸槦x,2019/9/9 2:55
涓鐢熶箣瑙,蹇嗗繕181020,2019/9/8 11:48
涓鐢熶箣瑙,闈掑博澧ㄦ剰,2019/9/6 7:50
涓鐢熶箣瑙,鏈夌偣鎯充竴鐩寸潯瑙,2019/8/13 9:44
涓鐢熶箣瑙,FRANK_姝,2019/8/13 0:42
涓鐢熶箣瑙,鍊熻繃姝ゅ潑闃,2019/8/12 7:11
涓鐢熶箣瑙,鍊熻繃姝ゅ潑闃,2019/8/12 7:11
涓鐢熶箣瑙,xxxxzzzc,2019/8/10 7:36
涓鐢熶箣瑙,鐧藉渋ce,2019/8/9 16:25
涓鐢熶箣瑙,鍙姹傚綋骞翠竷鍒嗘墠鍔涘皢浣犳弿鎽规棤铏,2019/8/9 15:20
涓鐢熶箣瑙,-杩欎竴鍒鍙涓ゆ柇--,2019/8/9 12:56
涓鐢熶箣瑙,鑲栨垬瀹剁嶇殑鑽夎帗,2019/8/9 12:29
涓鐢熶箣瑙,AuroraTepes,2019/8/8 6:09
涓鐢熶箣瑙,婧浜戝垵璧烽洦,2019/8/7 22:23
涓鐢熶箣瑙,鍛嗘冨皬闈㈠寘,2019/8/7 6:46
涓鐢熶箣瑙,鍛嗘冨皬闈㈠寘,2019/8/7 6:45
涓鐢熶箣瑙,Heyjulyyy_,2019/8/6 17:42
涓鐢熶箣瑙,甯愬彿宸叉敞閿,2019/8/6 9:42
涓鐢熶箣瑙,椤句互鐧絖9S7Z,2019/8/6 9:09
涓鐢熶箣瑙,楠嗕害鑸,2019/8/5 15:32
涓鐢熶箣瑙,鍝堝搱涓嶅规槗鍛,2019/8/5 15:22
涓鐢熶箣瑙,Suemol87,2019/8/5 14:51
涓鐢熶箣瑙,闃垮師yuan-,2019/8/5 10:44
涓鐢熶箣瑙,涓鏇插郊宀,2019/7/28 3:25
涓鐢熶箣瑙,楸奸ㄥ挄鍜曞挄,2019/7/28 1:58
涓鐢熶箣瑙,鐤捐-,2019/7/28 0:25
涓鐢熶箣瑙,Yuzuru楂橀粠,2019/7/27 14:56
涓鐢熶箣瑙,鏃犺皳濂藉潖,2019/7/27 10:47
涓鐢熶箣瑙,鎱曠疁Quincy,2019/7/27 9:40
涓鐢熶箣瑙,濡″厓,2019/7/27 9:20
涓鐢熶箣瑙,瑙ｅ咖涓嶅傚繕,2019/7/27 8:07
涓鐢熶箣瑙,瑙ｅ咖涓嶅傚繕,2019/7/27 8:04
涓鐢熶箣瑙,钃濊嫢鍙ｅ懗,2019/7/27 4:51
涓鐢熶箣瑙,鍣滆倝楗,2019/7/27 4:12
涓鐢熶箣瑙,鑷鐚猒997,2019/7/27 4:01
涓鐢熶箣瑙,S_ris,2019/7/27 3:29
涓鐢熶箣瑙,娈佽姮濂,2019/7/27 2:52
涓鐢熶箣瑙,甯愬彿宸叉敞閿,2019/7/27 2:07
涓鐢熶箣瑙,鎬姗樻棤姘,2019/7/27 1:32
涓鐢熶箣瑙,涓や笁鐐归浂椋熷簵yu,2019/7/26 16:39
涓鐢熶箣瑙,#NAME?,2019/7/26 14:48
涓鐢熶箣瑙,濂堟潕浣,2019/7/26 14:03
涓鐢熶箣瑙,quuuuuuuenci,2019/7/26 13:02
涓鐢熶箣瑙,鐏拌壊鐨勬墤鍏嬬帇鐗,2019/7/25 4:48
涓鐢熶箣瑙,瀹嬪搱濞滄垜鏄宀辩幑鍟,2019/7/25 1:17
涓鐢熶箣瑙,闄嗛檰妫傛畤,2019/7/25 0:51
涓鐢熶箣瑙,姹熸厱灞,2019/7/24 23:46
涓鐢熶箣瑙,闁婚瓟鍙ｄ腑鐨勬閬-绶村敞鐪,2019/7/24 22:37
涓鐢熶箣瑙,鏄ユ殩鑺卞紑杩樻湁浣,2019/7/24 17:58
涓鐢熶粎浣,,
涓鐢熶箣瑙,澶曠伂娈嬫ⅵ,2019/7/24 17:43
涓鐢熶箣瑙,MC绫抽キ涔熸槸鑿,2019/7/24 16:28
涓鐢熶箣瑙,灏忕敯so-say,2019/7/24 15:30
涓鐢熶箣瑙,绉﹀搱鍝坃shara,2019/7/24 15:16
涓鐢熶箣瑙,鏈变竴榫欑殑鍦堝栬佸﹩,2019/7/24 13:32
涓鐢熶箣瑙,鏈变竴榫欑殑鍦堝栬佸﹩,2019/7/24 13:12
涓鐢熶箣瑙,杞昏涓禯,2019/7/24 13:11
涓鐢熶箣瑙,鏈变竴榫欑殑鍦堝栬佸﹩,2019/7/24 13:10
涓鐢熶箣瑙,Vverlassen,2019/7/24 11:15
涓鐢熶箣瑙,瑁稿攪鑹插皬濮,2019/7/24 10:58
涓鐢熶箣瑙,绾㈢孩鍎縜aaaaa,2019/7/24 10:24
涓鐢熶箣瑙,姣忔櫄姊︽俯鏌-,2019/7/24 9:51
涓鐢熶箣瑙,鏉忚姳寰闆ㄩ唹鑺辨湞鏁呬汉褰,2019/7/24 8:34
涓鐢熶箣瑙,楸奸ㄥ挄鍜曞挄,2019/7/24 8:13
涓鐢熶箣瑙,绠¤帿涔,2019/7/22 13:51
涓鐢熶箣瑙,椤句互鐧絖9S7Z,2019/7/22 13:46
涓鐢熶箣瑙,娓愭笎璧扮孩鐏,2019/7/22 13:34
涓鐢熶箣瑙,Trespass514,2019/7/22 12:20
涓鐢熶箣瑙,鍗佷袱鍎,2019/7/22 11:30
涓鐢熶箣瑙,Tihiro_,2019/7/22 10:24
涓鐢熶箣瑙,闈欒帪鍜,2019/7/22 9:06
涓鐢熶箣瑙,浣犺存箹蹇冧涵杈圭湅涓嶅敖闆,2019/7/22 9:06
涓鐢熶箣瑙,缂樿嚦娉夋秾,2019/7/22 9:00
涓鐢熶箣瑙,鍊句簬钃,2019/7/22 7:54
涓鐢熶箣瑙,鏉姝昏枦瀹氳皵鐨勭尗鐨勯偅涓鐩掑瓙,2019/7/22 7:19
涓鐢熶箣瑙,R-闄屽ⅷ榛,2019/7/22 6:41
涓鐢熶箣瑙,涓夋瘺閽变竴鏂ょ殑寮犱笁鍏瀛,2019/7/22 5:03
涓鐢熶箣瑙,_鍗楀浗姝ｆ竻绉媉,2019/7/22 4:04
涓鐢熶箣瑙,涓鍚ㄩキ妗,2019/7/22 3:00
涓鐢熶箣瑙,鍦嗗渾鍦堝湀濯涘獩1708,2019/7/22 2:01
涓鐢熶箣瑙,涓鍙闄嗗湴楸,2019/7/22 1:25
涓鐢熶箣瑙,澶滄滅悰,2019/7/21 22:39
涓鐢熶箣瑙,gzbptd,2019/7/21 19:54
涓鐢熶箣瑙,闈欒帪鍜,2019/7/21 19:52
涓鐢熶箣瑙,鑺県wa,2019/7/20 14:07
涓鐢熶箣瑙,涓夋湀鍗婂集,2019/7/20 14:03
涓鐢熶箣瑙,pao鑰佹澘鐨勭瑧绗,2019/7/20 13:39
涓鐢熶箣瑙,涓鍙楣180122,2019/7/20 12:54
涓鐢熶箣瑙,浜戞竻棰,2019/7/20 12:30
涓鐢熶箣瑙,鎵瀛愬眳1709,2019/7/20 11:37
涓鐢熶箣瑙,鐢扮暞鑷冲枩,2019/7/20 11:15
涓鐢熶箣瑙,鎴戜互涓虹殑閬楀繕鍘熸潵韬哄湪浼辨墜涓,2019/7/20 10:13
涓鐢熶箣瑙,榛戝績鑰佸,2019/7/20 9:38
涓鐢熶箣瑙,榛戝績鑰佸,2019/7/20 9:38
涓鐢熶箣瑙,浜洪棿涓囧彜,2019/7/20 9:23
涓鐢熶箣瑙,铇闂蹭粊,2019/7/20 9:07
涓鐢熶箣瑙,铇闂蹭粊,2019/7/20 9:07
涓鐢熶箣瑙,鏉庤皩瀹,2019/7/20 8:59
涓鐢熶箣瑙,鐣欐剰涓板勾,2019/7/20 8:12
涓鐢熶箣瑙,瑁佸康涓洪瓊,2019/7/20 7:51
涓鐢熶箣瑙,瑁佸康涓洪瓊,2019/7/20 7:42
涓鐢熶箣瑙,-鎴栬镐綘涔熷枩娆㈢尗-,2019/7/20 7:34
涓鐢熶箣瑙,甯愬彿宸叉敞閿,2019/7/20 6:31
涓鐢熶箣瑙,鐩稿规棤瑷_q,2019/7/20 6:00
涓鐢熶箣瑙,lm_dogs,2019/7/19 13:39
涓鐢熶箣瑙,鐜涘悏闃跨背涓,2019/7/19 13:19
涓鐢熶箣瑙,寮犳煇瀹呭畢瀹呭畢瀹,2019/7/19 13:10
涓鐢熶箣瑙,寮犳煇瀹呭畢瀹呭畢瀹,2019/7/19 13:10
涓鐢熶箣瑙,涓嶈佸垇闅炬垜鑳栬檸-,2019/7/19 13:03
涓鐢熶箣瑙,--缁芥斁--june--,2019/7/19 13:02
涓鐢熶箣瑙,涓鍙惰唉涔,2019/7/19 12:41
涓鐢熶箣瑙,骞绘兂瀹0鍙,2019/7/19 12:40
涓鐢熶箣瑙,閮鍘垫疆,2019/7/19 12:16
涓鐢熶箣瑙,闄嗙粛娲,2019/7/19 11:43
涓鐢熶箣瑙,t杩㈣竣鍗冮噷鏃犳湡,2019/7/19 11:38
涓鐢熶箣瑙,绯绯鐨勫湡璞嗗潡,2019/7/19 11:19
涓鐢熶箣瑙,鍚勮嚜涓惰繙鎵,2019/7/19 11:16
涓鐢熶箣瑙,鍘嬫讳釜椴,2019/7/19 10:49
涓鐢熶箣瑙,鎷栧欢鐥嘷濠夌惇,2019/7/19 10:47
涓鐢熶箣瑙,JIANSUYAN,2019/7/19 10:45
涓鐢熶箣瑙,姊︽兂涔熷彨涓嶉啋鐨勫惔鏌愭煇,2019/7/19 10:28
涓鐢熶箣瑙,鎮犻棽1300942,2019/7/19 10:21
涓鐢熶箣瑙,鐚鐚濂冲╂棤鏁屽彲鐖,2019/7/19 10:16
涓鐢熶箣瑙,鍗婅掑彞鍙,2019/7/19 10:15
涓鐢熶箣瑙,钂插皬褰,2019/7/19 4:30
涓鐢熶箣瑙,瀛ｅ瓨鐢,2019/7/19 4:29
涓鐢熶箣瑙,灏忔椂濮戝樺憪,2019/7/19 4:27
涓鐢熶箣瑙,姘镐箙鐨勬极闀,2019/7/19 4:25
涓鐢熶箣瑙,璞℃嫈铓岀粷涓嶈よ緭,2019/7/19 4:24
涓鐢熶箣瑙,闄岄檶鐑熷傜粐,2019/7/19 4:22
涓鐢熶箣瑙,Scorpio_oi,2019/7/19 4:20
涓鐢熶箣瑙,Tangli_fried_snow,2019/7/19 4:13
涓鐢熶箣瑙,灏氬畨hx,2019/7/19 4:03
涓鐢熶箣瑙,澶滄ⅵ绻,2019/7/19 4:02
涓鐢熶箣瑙,鍏版邯涓夋棩妗冭姳闆,2019/7/19 4:00
涓鐢熶箣瑙,寮勬櫞寰闆,2019/7/19 3:52
涓鐢熶箣瑙,楸奸ㄥ挄鍜曞挄,2019/7/19 3:51
涓鐢熶箣瑙,鑻忕眒io,2019/7/19 3:46
涓鐢熶箣瑙,闆鹃洦_榄擾鐞嗘矙,2019/7/19 3:45
涓鐢熶箣瑙,钂借タ鍛,2019/7/19 3:39
涓鐢熶箣瑙,鏈堝笜涓嬬殑鎰挎湜,2019/7/19 3:35
涓鐢熶箣瑙,Hilda姘镐笉鏀惧純,2019/7/19 3:32
涓鐢熶箣瑙,鍗楁柟鏈夐奔鎺,2019/7/19 3:30
涓鐢熶箣瑙,鏈堟槑闆叉贰闇茶彲婵僟,2019/7/19 3:28
涓鐢熶箣瑙,婕鐑傞粠鏄,2019/7/19 1:17
涓鐢熶箣瑙,鍗佷笁鏈堝噳-territory,2019/7/19 1:12
涓鐢熶箣瑙,鍖楀钩鎷╂棩鐤,2019/7/19 1:04
涓鐢熶箣瑙,鍖楀钩鎷╂棩鐤,2019/7/19 1:02
涓鐢熶箣瑙,涓囧彾椋炰粰,2019/7/19 0:57
涓鐢熶箣瑙,鑿婂窛娓呬竴,2019/7/19 0:53
涓鐢熶箣瑙,璁告燬aika,2019/7/19 0:50
涓鐢熶箣瑙,鐜涘悏闃跨背涓,2019/7/19 0:48
涓鐢熶箣瑙,Franky鍖楀煄鍙,2019/7/19 0:46
涓鐢熶箣瑙,涓鍙姣掓湀楗,2019/7/19 0:41
涓鐢熶箣瑙,姊︾瑰,2019/7/19 0:39
涓鐢熶箣瑙,棰犲喌,2019/7/19 0:37
涓鐢熶箣瑙,涓夋洿澶╃櫧闇茬敓,2019/7/19 0:37
涓鐢熶箣瑙,閫愰偅鏈堝崕鑰屽幓,2019/7/19 0:34
涓鐢熶箣瑙,澶忓滄湀寰鍑,2019/7/19 0:34
涓鐢熶箣瑙,T鍏堢敓鐨勪紤闂叉椂鍒,2019/7/19 0:17
涓鐢熶箣瑙,Misaka__20001,2019/7/19 0:17
涓鐢熶箣瑙,閮鍑轰節,2019/7/19 0:14
涓鐢熶箣瑙,鎬濆康浣犲埌鏈鍚,2019/7/19 0:13
涓鐢熶箣瑙,閮鍑轰節,2019/7/19 0:11
涓鐢熶箣瑙,_淇￠叡_,2019/7/18 18:49
涓鐢熶箣瑙,Tangli_fried_snow,2019/7/18 18:47
涓鐢熶箣瑙,灏忛厰娴涓,2019/7/18 18:40
涓鐢熶箣瑙,甯愬彿宸叉敞閿,2019/7/18 18:36
涓鐢熶箣瑙,绛夊厜璧锋ⅵ娑堥潯,2019/7/18 18:36
涓鐢熶箣瑙,YANG_magic,2019/7/18 18:35
涓鐢熶箣瑙,绮夎壊kira,2019/7/18 18:33
涓鐢熶箣瑙,妞扮己,2019/7/18 18:30
涓鐢熶箣瑙,BC_SY,2019/7/18 18:29
涓鐢熶箣瑙,gzbptd,2019/7/18 18:29
涓鐢熶箣瑙,BC_SY,2019/7/18 18:29
涓鐢熶箣瑙,foreverwinter_13,2019/7/18 18:28
涓鐢熶箣瑙,搴斿徆intime,2019/7/18 18:28
涓鐢熶箣瑙,搴斿徆intime,2019/7/18 18:28
涓鐢熶箣瑙,娓呴庤惤杩,2019/7/18 18:27
涓鐢熶箣瑙,闈欒帪鍜,2019/7/18 18:27
涓鐢熶箣瑙,gzbptd,2019/7/18 18:26
涓鐢熶箣瑙,闈欒帪鍜,2019/7/18 18:26
涓鐢熶箣瑙,闈欒帪鍜,2019/7/18 18:25
涓鐢熶箣瑙,鍗炰笅鏉,2019/7/18 18:25
