song,nickname,time
Operation Blade,Ww昵称ll,2021-11-10 12:21:41
Operation Blade,Zuzu1997,2021-11-10 01:11:59
Operation Blade,柠依琉璃,2021-11-10 00:03:17
Operation Blade,-幻空-,2021-11-09 18:32:30
Operation Blade,Dr-KB,2021-11-09 11:14:55
Operation Blade,Mr叻叻,2021-11-09 08:16:21
Operation Blade,东京斯卡大冰鱼韵ALXD_bot,2021-11-09 04:46:52
Operation Blade,米兰的小铁匠-o-,2021-11-09 04:11:51
Operation Blade,米兰的小铁匠-o-,2021-11-09 04:11:30
Operation Blade,孔明灯10,2021-11-09 03:19:34
Operation Blade,洛-依韵,2021-11-09 01:53:41
Operation Blade,苔前钜,2021-11-09 01:44:17
Operation Blade,铃兰小姐是我们的伽马射线暴,2021-11-08 22:55:44
Operation Blade,妖精贤者,2021-11-08 18:38:36
Operation Blade,Fro-Lea,2021-11-08 05:16:38
Operation Blade,Fro-Lea,2021-11-08 05:16:12
Operation Blade,-亚眠-,2021-11-07 15:16:14
Operation Blade,居南北和走四方,2021-11-07 14:51:57
Operation Blade,云墨星彩,2021-11-07 14:31:51
Operation Blade,d年积极,2021-11-07 13:43:08
Operation Blade,冰镇颗粒姆,2021-10-29 03:13:22
Operation Blade,大白牙_AJ,2021-10-28 05:05:36
Operation Blade,日系少女草草子,2021-10-27 16:14:35
Operation Blade,日系少女草草子,2021-10-27 16:13:53
Operation Blade,抽筋的莲蓬头,2021-10-27 14:47:12
Operation Blade,呒狗利,2021-10-27 13:02:16
Operation Blade,哈米伦的种桃者,2021-10-27 06:45:24
Operation Blade,拉普兰德OwO,2021-10-27 05:24:15
Operation Blade,友人A200217,2021-10-26 11:26:30
Operation Blade,樱桑君,2021-10-25 13:17:19
Operation Blade,先知萌渣,2021-10-25 12:35:29
Operation Blade,冷漠成空,2021-10-25 02:00:26
Operation Blade,冷漠成空,2021-10-25 01:59:43
Operation Blade,樱落祈相随,2021-10-25 01:55:32
Operation Blade,老干妈昵称被占用,2021-10-25 01:16:49
Operation Blade,游园戏水,2021-10-24 14:53:09
Operation Blade,穆鲻W,2021-10-24 12:37:27
Operation Blade,竹腔,2021-10-24 04:35:11
Operation Blade,竹腔,2021-10-24 04:34:11
Operation Blade,竹腔,2021-10-24 04:33:14
Operation Blade,明月照人来2104,2021-10-16 09:23:33
Operation Blade,明月照人来2104,2021-10-16 09:22:51
Operation Blade,D炎难尽,2021-10-16 05:03:45
Operation Blade,D炎难尽,2021-10-16 05:02:01
Operation Blade,读着倒才猪__,2021-10-16 01:58:07
Operation Blade,龙门近卫局-陈晖洁,2021-10-15 12:31:49
Operation Blade,Justgotback_G1c0,2021-10-15 10:25:49
Operation Blade,弹剑5917,2021-10-14 18:52:05
Operation Blade,陌生人一个-,2021-10-14 13:03:25
Operation Blade,该如何优雅地陷入沉眠,2021-10-14 12:44:10
Operation Blade,该如何优雅地陷入沉眠,2021-10-14 12:42:34
Operation Blade,该如何优雅地陷入沉眠,2021-10-14 12:39:24
Operation Blade,该如何优雅地陷入沉眠,2021-10-14 12:38:06
Operation Blade,该如何优雅地陷入沉眠,2021-10-14 12:37:23
Operation Blade,FL-0427,2021-10-14 11:44:16
Operation Blade,心云之界,2021-10-14 03:21:17
Operation Blade,|圭月,2021-10-14 02:39:50
Operation Blade,FL-0427,2021-10-13 13:50:59
Operation Blade,qcy在逃甜妻筱筱头,2021-10-13 04:05:43
Operation Blade,W振兴灬,2021-10-13 03:14:38
Operation Blade,一块奶酪w,2021-10-06 05:38:06
Operation Blade,不务正业的穆,2021-10-06 01:18:01
Operation Blade,诸伏醒也,2021-10-05 12:21:32
Operation Blade,人间男神卢本伟,2021-10-05 11:26:46
Operation Blade,JiunkeJiang,2021-10-05 10:50:33
Operation Blade,QnTn,2021-10-05 10:48:27
Operation Blade,Surtr_42t2,2021-10-05 02:06:06
Operation Blade,滑G天下第一,2021-10-05 01:52:12
Operation Blade,小虎鲸干脆面,2021-10-04 23:40:27
Operation Blade,动人伤人,2021-10-04 15:24:56
Operation Blade,崩坏的饕餮,2021-10-04 14:23:48
Operation Blade,Hjertetslr,2021-10-04 11:51:45
Operation Blade,壹僦_,2021-10-04 11:45:59
Operation Blade,苔前钜,2021-10-04 09:20:08
Operation Blade,苔前钜,2021-10-04 09:19:08
Operation Blade,苔前钜,2021-10-04 09:17:41
Operation Blade,苔前钜,2021-10-04 09:16:57
Operation Blade,重流-,2021-10-04 08:20:08
Operation Blade,硫磺炒珞瑜,2021-10-04 05:47:52
Operation Blade,无欲无求小呆萌,2021-10-03 14:53:04
Operation Blade,老妖不开心,2021-09-24 07:31:29
Operation Blade,老妖不开心,2021-09-24 07:31:00
Operation Blade,happy_Juak,2021-09-23 14:27:12
Operation Blade,我永远喜欢椎名真昼,2021-09-23 12:44:02
Operation Blade,IDbomb2box4gigs5lily7lieu8your,2021-09-23 10:56:14
Operation Blade,一切走吧,2021-09-23 08:36:13
Operation Blade,很难不支持_MMik,2021-09-23 05:27:36
Operation Blade,月下傲灵,2021-09-23 03:30:12
Operation Blade,白柳CD,2021-09-23 02:00:14
Operation Blade,六翅兽怀孕计划,2021-09-22 18:12:03
Operation Blade,Lappland1001,2021-09-22 13:43:43
Operation Blade,凛时零,2021-09-22 13:00:59
Operation Blade,蓝白4739,2021-09-22 09:44:10
Operation Blade,Dorrits_,2021-09-22 07:25:33
Operation Blade,小虎鲸干脆面,2021-09-22 07:23:49
Operation Blade,其他唯一神做的到吗,2021-09-22 06:20:59
Operation Blade,木易芊,2021-09-21 18:22:04
Operation Blade,Lappland1001,2021-09-21 15:17:37
Operation Blade,Lappland1001,2021-09-21 15:16:04
Operation Blade,清高爽到爆,2021-09-21 10:47:52
Operation Blade,日后再说2号,2021-09-17 06:42:48
Operation Blade,不知道取什麽,2021-09-16 17:45:55
Operation Blade,聂云啊啊啊,2021-09-16 17:08:40
Operation Blade,ohyeaaaaaaaaah_,2021-09-16 13:20:27
Operation Blade,提瓦特的Dr-戒,2021-09-16 12:04:23
Operation Blade,提瓦特的Dr-戒,2021-09-16 12:01:40
Operation Blade,沧茗海,2021-09-16 10:36:48
Operation Blade,你们的UR与我的R,2021-09-16 02:43:36
Operation Blade,-暮清歌-,2021-09-15 15:33:33
Operation Blade,方舟铁粉,2021-09-15 15:33:00
Operation Blade,彼岸-清吟,2021-09-14 15:37:04
Operation Blade,鹏鹏格鲁斯兰巨蟒,2021-09-14 15:30:53
Operation Blade,羡羡的小耳朵喔,2021-09-14 11:49:40
Operation Blade,一蓑咸鱼,2021-09-14 11:46:59
Operation Blade,_未定义丶,2021-09-14 09:27:32
Operation Blade,努巴尼尼,2021-09-14 05:45:45
Operation Blade,烤熟的派,2021-09-14 05:20:11
Operation Blade,解_篱,2021-09-14 04:49:03
Operation Blade,北国乌鸦,2021-09-13 23:30:38
Operation Blade,杰尼龟龟龟233,2021-09-13 17:47:11
Operation Blade,冷宫_残月,2021-09-09 12:35:36
Operation Blade,黑羽枫辽Fairy,2021-09-09 09:05:22
Operation Blade,坂本仙人,2021-09-09 06:00:51
Operation Blade,7774111,2021-09-09 03:32:53
Operation Blade,梦依在i,2021-09-08 14:23:27
Operation Blade,梦依在i,2021-09-08 14:20:21
Operation Blade,火灵冽,2021-09-08 13:07:13
Operation Blade,大哥依然范特西,2021-09-08 08:56:00
Operation Blade,血雨无声,2021-09-08 08:53:11
Operation Blade,曦丨夜,2021-09-08 05:46:12
Operation Blade,曦丨夜,2021-09-08 05:44:21
Operation Blade,曦丨夜,2021-09-08 05:40:10
Operation Blade,雪之下雪乃_ENFJ,2021-09-08 01:53:54
Operation Blade,外御强敌内除国贼,2021-09-08 01:20:16
Operation Blade,Hayakawa_nya,2021-09-07 18:28:23
Operation Blade,内八字海嗣,2021-09-07 10:59:49
Operation Blade,病变TEL,2021-09-07 10:37:20
Operation Blade,是那么拽,2021-09-07 09:06:38
Operation Blade,请输入昵称啊淦,2021-09-07 07:54:51
Operation Blade,请输入昵称啊淦,2021-09-07 07:53:04
Operation Blade,-KIYIN-,2021-09-03 12:47:15
Operation Blade,-KIYIN-,2021-09-03 12:46:18
Operation Blade,青云闲月,2021-09-03 12:14:18
Operation Blade,小僧喜欢吃六根香蕉,2021-09-03 11:48:31
Operation Blade,风见黛,2021-09-03 11:37:39
Operation Blade,我希美如画中仙,2021-09-03 09:47:13
Operation Blade,-月重光-,2021-09-03 08:27:17
Operation Blade,孤魂师,2021-09-03 08:12:35
Operation Blade,柠夜sama,2021-09-03 08:05:51
Operation Blade,SunJ3t,2021-09-03 07:44:55
Operation Blade,Chocolate果冻,2021-09-03 07:24:44
Operation Blade,抽象大喇叭,2021-09-02 23:57:13
Operation Blade,我欢喜喜欢you,2021-09-02 14:24:48
Operation Blade,绫洛丿无铭,2021-09-02 13:06:15
Operation Blade,予之轮廓,2021-09-02 11:25:09
Operation Blade,予之轮廓,2021-09-02 11:17:41
Operation Blade,唐柔真好看,2021-09-02 06:44:41
Operation Blade,CyanLavender,2021-09-02 01:36:46
Operation Blade,落花无人言,2021-09-01 16:57:21
Operation Blade,南笠洛艾,2021-09-01 16:00:47
Operation Blade,我希美如画中仙,2021-08-30 10:13:56
Operation Blade,我真不想取名字TOT,2021-08-30 08:33:24
Operation Blade,海猫-OC,2021-08-30 07:54:05
Operation Blade,flyreoay,2021-08-30 07:24:30
Operation Blade,也没有那么颓,2021-08-30 07:06:06
Operation Blade,Dr崔皓羽,2021-08-30 06:50:39
Operation Blade,Dr崔皓羽,2021-08-30 06:49:52
Operation Blade,Dr崔皓羽,2021-08-30 06:48:50
Operation Blade,Dr崔皓羽,2021-08-30 06:47:16
Operation Blade,旧梦继,2021-08-30 06:46:32
Operation Blade,Dr崔皓羽,2021-08-30 06:45:18
Operation Blade,Dr崔皓羽,2021-08-30 06:44:59
Operation Blade,旧梦继,2021-08-30 06:44:28
Operation Blade,Dr崔皓羽,2021-08-30 06:44:24
Operation Blade,Dr崔皓羽,2021-08-30 06:43:37
Operation Blade,旧梦继,2021-08-30 06:42:18
Operation Blade,旧梦继,2021-08-30 06:40:54
Operation Blade,老婆大人六花酱,2021-08-30 06:03:55
Operation Blade,xyxd山芋头笋笋子,2021-08-30 05:03:10
Operation Blade,浮生梦幽-R,2021-08-30 04:30:06
Operation Blade,栖穹山下,2021-08-28 05:33:43
Operation Blade,逍遥客栈老板,2021-08-28 05:00:35
Operation Blade,绫洛丿无铭,2021-08-28 01:26:07
Operation Blade,炒板栗子儿,2021-08-28 00:31:33
Operation Blade,纪钧是偷猫贼,2021-08-27 17:20:16
Operation Blade,一只_noYh,2021-08-27 13:55:20
Operation Blade,p貂蝉戏吕布q,2021-08-27 12:01:27
Operation Blade,狂热的刀客塔,2021-08-27 11:27:38
Operation Blade,一只路过的风蚀高地烧饼,2021-08-27 10:10:48
Operation Blade,Cresternight,2021-08-27 09:49:02
Operation Blade,sfhhjffhj,2021-08-27 08:37:21
Operation Blade,sfhhjffhj,2021-08-27 08:36:01
Operation Blade,漂泊酒痴,2021-08-27 05:47:07
Operation Blade,祈木hh,2021-08-27 04:03:36
Operation Blade,逗比的憨白,2021-08-27 03:26:07
Operation Blade,度假一天,2021-08-27 02:24:42
Operation Blade,劣计-,2021-08-27 00:29:19
Operation Blade,失乏_,2021-08-26 18:07:25
Operation Blade,失乏_,2021-08-26 18:05:12
Operation Blade,失乏_,2021-08-26 18:03:33
Operation Blade,企业cv_6luckyEEnterprise,2021-08-24 11:20:38
Operation Blade,懿妾随缘,2021-08-24 11:15:06
Operation Blade,谜荼R,2021-08-24 09:33:32
Operation Blade,Dr黑曜石,2021-08-24 08:37:11
Operation Blade,关于伊蕾娜突然嫁给我这档事,2021-08-24 04:08:12
Operation Blade,冰凝檬_,2021-08-24 02:02:01
Operation Blade,夜雨天封,2021-08-24 00:58:20
Operation Blade,淡却QAQ,2021-08-23 23:59:28
Operation Blade,HazarD_OIV,2021-08-23 16:47:52
Operation Blade,竹信正成,2021-08-23 15:03:55
Operation Blade,可叹叶飘零归来无期未有期,2021-08-23 14:08:35
Operation Blade,桐明1911,2021-08-23 12:03:11
Operation Blade,是娘,2021-08-23 11:32:07
Operation Blade,双简_,2021-08-23 11:29:22
Operation Blade,纤尘断剑,2021-08-23 10:04:21
Operation Blade,静歌零,2021-08-23 09:55:23
Operation Blade,板井才人,2021-08-23 08:56:03
Operation Blade,x加k加j,2021-08-23 08:42:34
Operation Blade,_固化思想_,2021-08-23 08:15:17
Operation Blade,ziogeizwoc,2021-08-23 07:56:02
Operation Blade,妖刀姬最可爱呢,2021-08-21 05:28:19
Operation Blade,漫山之州,2021-08-20 23:11:23
Operation Blade,栀ㄅ梦1812,2021-08-20 21:01:23
Operation Blade,网抑云终结者T,2021-08-20 16:23:02
Operation Blade,墨尘忘,2021-08-20 12:20:54
Operation Blade,不成祸水T怎会红颜i,2021-08-20 12:19:27
Operation Blade,云村评论编辑部,2021-08-20 10:40:16
Operation Blade,西凉呢,2021-08-20 09:27:42
Operation Blade,汶基洛特,2021-08-20 09:16:37
Operation Blade,QWQ我不知道-q,2021-08-20 09:13:05
Operation Blade,XXswmitSSR,2021-08-20 08:31:26
Operation Blade,耩煜,2021-08-20 07:53:05
Operation Blade,-KIYIN-,2021-08-20 07:50:35
Operation Blade,克总的猫,2021-08-20 07:29:03
Operation Blade,Spect0r,2021-08-20 07:19:56
Operation Blade,Spect0r,2021-08-20 07:19:40
Operation Blade,迷之夜行,2021-08-20 03:12:22
Operation Blade,世末之影,2021-08-20 02:08:53
Operation Blade,久违zxc,2021-08-20 00:27:21
Operation Blade,给我小火龙,2021-08-19 16:10:15
Operation Blade,D炎难尽,2021-08-17 01:50:04
Operation Blade,D炎难尽,2021-08-17 01:48:11
Operation Blade,_温鸩,2021-08-17 01:20:03
Operation Blade,枕头里发霉的梦和梦里得不到的人,2021-08-16 20:05:40
Operation Blade,安娜_老师,2021-08-16 14:16:01
Operation Blade,肉食星人,2021-08-16 13:32:44
Operation Blade,素质衫连,2021-08-16 13:29:03
Operation Blade,煌厨头子,2021-08-16 13:25:11
Operation Blade,一样一烈风,2021-08-16 12:14:43
Operation Blade,exaidvan,2021-08-16 09:30:25
Operation Blade,yang_yang_jun,2021-08-16 09:12:31
Operation Blade,朕要去幼儿园深造_RopA,2021-08-16 09:01:17
Operation Blade,_OJh2,2021-08-16 05:56:12
Operation Blade,天火_明命,2021-08-16 04:45:47
Operation Blade,社长牌瘾又犯了,2021-08-16 03:30:57
Operation Blade,saba塞巴,2021-08-16 00:16:45
Operation Blade,saba塞巴,2021-08-16 00:16:31
Operation Blade,喜欢生胶１的虎鲸,2021-08-15 21:25:01
Operation Blade,喜欢生胶１的虎鲸,2021-08-15 21:21:21
Operation Blade,喜欢生胶１的虎鲸,2021-08-15 21:18:51
Operation Blade,Damocoste,2021-08-13 14:13:04
Operation Blade,ZEPPELI飞熊,2021-08-13 14:01:21
Operation Blade,只会玩mc的南柠,2021-08-13 10:54:51
Operation Blade,七酱哒,2021-08-13 10:08:54
Operation Blade,ky拉踩的全部先飞个马罢,2021-08-13 07:53:53
Operation Blade,恶鸟_-rua,2021-08-13 07:43:30
Operation Blade,很傻的狗_ZOIH,2021-08-13 07:20:01
Operation Blade,忌廉不是汤,2021-08-13 07:02:57
Operation Blade,忌廉不是汤,2021-08-13 06:43:23
Operation Blade,忌廉不是汤,2021-08-13 06:41:52
Operation Blade,樱桑君,2021-08-13 03:16:05
Operation Blade,利维亚的萝北北,2021-08-13 02:56:55
Operation Blade,hbf_,2021-08-13 02:32:25
Operation Blade,匆匆过客180809,2021-08-13 02:18:13
Operation Blade,DJ实活,2021-08-13 00:57:42
Operation Blade,精神小狗狗,2021-08-13 00:41:35
Operation Blade,记忆的终生,2021-08-12 14:43:01
Operation Blade,一位孤独的旅者,2021-08-12 10:05:45
Operation Blade,H-P-Love-Craft,2021-08-12 07:06:51
Operation Blade,卡娃伊即是正义,2021-08-12 06:22:50
Operation Blade,Hermes_Genesis,2021-08-09 10:43:18
Operation Blade,煌厨头子,2021-08-09 07:01:35
Operation Blade,煌厨头子,2021-08-09 07:01:01
Operation Blade,无限玄学家,2021-08-09 05:47:50
Operation Blade,大自]家,2021-08-09 04:20:48
Operation Blade,bai__xiang,2021-08-09 01:39:39
Operation Blade,N,2021-08-09 00:48:59
Operation Blade,星野紫苏,2021-08-09 00:08:56
Operation Blade,李男神不开挂,2021-08-08 23:43:59
Operation Blade,李男神不开挂,2021-08-08 23:42:47
Operation Blade,美文王令,2021-08-08 23:01:19
Operation Blade,摊开北京,2021-08-08 16:12:02
Operation Blade,玄丶Mugua,2021-08-08 15:38:18
Operation Blade,万鬼钟老板,2021-08-08 14:53:13
Operation Blade,万鬼钟老板,2021-08-08 14:51:57
Operation Blade,四季不夏目,2021-08-08 14:16:47
Operation Blade,饭盒t,2021-08-08 12:13:49
Operation Blade,樱桑君,2021-08-08 11:22:31
Operation Blade,-KIYIN-,2021-08-08 09:44:20
Operation Blade,梦想之存在感,2021-08-08 08:55:49
Operation Blade,少年梅花花,2021-08-05 05:44:13
Operation Blade,肉桂味的奶油糖,2021-08-05 03:19:20
Operation Blade,Dr黑曜石,2021-08-04 22:47:22
Operation Blade,Dr黑曜石,2021-08-04 22:44:54
Operation Blade,肥宅久月,2021-08-04 17:30:10
Operation Blade,肥宅久月,2021-08-04 17:29:05
Operation Blade,爆裂法师Megumin,2021-08-04 15:06:05
Operation Blade,木叶暗部1908,2021-08-04 14:40:50
Operation Blade,洛_笙,2021-08-04 14:34:04
Operation Blade,不科学的人体炮,2021-08-04 09:43:25
Operation Blade,鲸落_Az4J,2021-08-04 08:25:27
Operation Blade,微笑雨涵,2021-08-04 07:42:42
Operation Blade,bai__xiang,2021-08-04 07:27:50
Operation Blade,bai__xiang,2021-08-04 07:25:40
Operation Blade,名字什么很难,2021-08-04 06:28:07
Operation Blade,一只不怎么可爱的柚子,2021-08-04 04:04:23
Operation Blade,起名是为了啥,2021-08-04 02:18:57
Operation Blade,软风夜吹雪,2021-08-04 01:12:35
Operation Blade,蓝色大陆_,2021-08-03 19:39:08
Operation Blade,c臧,2021-08-03 17:35:20
Operation Blade,Dr-originall,2021-08-01 05:43:26
Operation Blade,永远的承太郎,2021-08-01 05:41:49
Operation Blade,大头鬼yer,2021-08-01 05:40:37
Operation Blade,药ttf,2021-08-01 05:17:43
Operation Blade,浅笑海底,2021-08-01 05:03:58
Operation Blade,ZGMF一X23S,2021-08-01 03:13:06
Operation Blade,快乐的憨憨皮,2021-08-01 02:10:34
Operation Blade,角落里的潘,2021-08-01 01:54:15
Operation Blade,微笑雨涵,2021-08-01 01:40:41
Operation Blade,永远的承太郎,2021-07-31 14:39:34
Operation Blade,永远的承太郎,2021-07-31 14:38:18
Operation Blade,永远的承太郎,2021-07-31 14:35:55
Operation Blade,永远的承太郎,2021-07-31 14:33:58
Operation Blade,被发现了啦,2021-07-31 13:10:19
Operation Blade,没有你的四月五,2021-07-31 11:43:40
Operation Blade,干干1234,2021-07-31 09:45:47
Operation Blade,德皇二世,2021-07-31 08:42:11
Operation Blade,听雪眠,2021-07-31 04:55:03
Operation Blade,FarmerNoise,2021-07-31 03:58:06
Operation Blade,罗德岛的胖头鱼,2021-07-31 02:39:57
Operation Blade,Ayu017,2021-07-26 21:24:51
Operation Blade,漫山之州,2021-07-26 16:57:15
Operation Blade,漫山之州,2021-07-26 16:57:04
Operation Blade,来自星星的元芳1803,2021-07-26 14:22:35
Operation Blade,记得重读舟剧情,2021-07-26 12:05:38
Operation Blade,厌_痴,2021-07-26 10:51:17
Operation Blade,shadow_joker_,2021-07-26 10:25:42
Operation Blade,星河的海跃,2021-07-26 09:08:04
Operation Blade,星河的海跃,2021-07-26 08:57:58
Operation Blade,不明真相的围观群众----,2021-07-26 06:24:05
Operation Blade,花醉_XJTU,2021-07-26 05:33:15
Operation Blade,起朱楼142857,2021-07-26 05:28:38
Operation Blade,大头鬼yer,2021-07-26 05:18:15
Operation Blade,无畏风华碎骨寒,2021-07-26 03:05:51
Operation Blade,落雪汐城,2021-07-25 13:03:03
Operation Blade,乱跑的刀客塔,2021-07-25 12:29:59
Operation Blade,舟玩,2021-07-25 12:18:00
Operation Blade,感觉164,2021-07-25 12:09:58
Operation Blade,屑勃士,2021-07-25 10:09:23
Operation Blade,缭刻,2021-07-25 09:30:49
Operation Blade,澜沧不及他,2021-07-22 12:50:50
Operation Blade,shinobu_suki,2021-07-22 12:42:00
Operation Blade,下北泽114514军区总司令田所浩二,2021-07-22 09:29:24
Operation Blade,夕雨成烟,2021-07-22 05:07:56
Operation Blade,折翼181109,2021-07-22 04:44:22
Operation Blade,_seagull1992,2021-07-22 04:21:57
Operation Blade,Ci-trus,2021-07-22 02:44:36
Operation Blade,千耦,2021-07-21 12:40:46
Operation Blade,鸽子的尊严,2021-07-21 12:03:01
Operation Blade,我想起个名怎么就这么难啊,2021-07-21 11:44:16
Operation Blade,承诺丶画地为牢,2021-07-21 11:02:01
Operation Blade,桐术尤子,2021-07-21 07:00:21
Operation Blade,蒂蒂_KVnL,2021-07-21 06:51:48
Operation Blade,Hejungle,2021-07-21 06:16:44
Operation Blade,只是一个平凡的人罢了,2021-07-21 05:50:11
Operation Blade,王晓睿Ray,2021-07-21 05:27:15
Operation Blade,HH琴心,2021-07-21 05:25:30
Operation Blade,泉河_,2021-07-20 14:26:17
Operation Blade,Ha-chi_,2021-07-20 14:10:41
Operation Blade,无名无面人,2021-07-20 09:34:57
Operation Blade,穆鲻W,2021-07-16 16:41:52
Operation Blade,SUTURE-AGENT,2021-07-16 13:40:16
Operation Blade,NIGHTFICo,2021-07-16 11:38:54
Operation Blade,洛神樱大人,2021-07-16 10:18:13
Operation Blade,BDZAC,2021-07-16 08:32:18
Operation Blade,温攻你白叔,2021-07-16 08:21:58
Operation Blade,yconionR,2021-07-16 06:04:47
Operation Blade,moexavier,2021-07-16 05:40:40
Operation Blade,路人-A-,2021-07-16 05:35:01
Operation Blade,dddzzzyyyyyyy,2021-07-16 04:35:58
Operation Blade,dddzzzyyyyyyy,2021-07-16 04:32:30
Operation Blade,国民偶像琪亚娜,2021-07-16 04:14:14
Operation Blade,是灰澈诶丶,2021-07-16 03:09:42
Operation Blade,心流Vc,2021-07-16 02:43:07
Operation Blade,Another丶Side,2021-07-16 02:22:55
Operation Blade,锈楚,2021-07-16 00:05:10
Operation Blade,无人鲸岛,2021-07-15 22:28:30
Operation Blade,L-13-death,2021-07-15 19:05:52
Operation Blade,WDgaster_VV1o,2021-07-15 14:03:18
Operation Blade,碧海空澄,2021-07-15 11:12:15
Operation Blade,啊这_n,2021-07-12 16:01:08
Operation Blade,若影city,2021-07-12 14:39:51
Operation Blade,WINDIIS,2021-07-12 13:40:51
Operation Blade,钨茗,2021-07-12 13:13:09
Operation Blade,来自暖冬,2021-07-12 11:25:26
Operation Blade,风昶雨迷离,2021-07-12 11:23:45
Operation Blade,H_X_T猫头鹰,2021-07-12 11:21:52
Operation Blade,鹏鹏格鲁斯兰巨蟒,2021-07-12 10:10:26
Operation Blade,桑赛特佩尔,2021-07-12 07:36:46
Operation Blade,_Suguru_,2021-07-12 07:31:49
Operation Blade,I_am_a_vaccine,2021-07-12 06:37:18
Operation Blade,罗德岛干员风笛,2021-07-12 06:26:37
Operation Blade,II账号已注销II,2021-07-12 04:17:52
Operation Blade,X夜幕降临X,2021-07-12 03:36:08
Operation Blade,HATMT,2021-07-12 03:26:02
Operation Blade,一个路过的白毛控,2021-07-12 01:29:32
Operation Blade,小小新人zzZ,2021-07-12 00:46:05
Operation Blade,Michel_Garcia,2021-07-11 23:00:19
Operation Blade,--昼S--,2021-07-11 15:29:24
Operation Blade,meteor00100,2021-07-11 13:42:43
Operation Blade,Tulanduo喜欢tasrg,2021-07-08 05:28:16
Operation Blade,朗米西克斯,2021-07-08 04:57:55
Operation Blade,一只粝爰0v0,2021-07-08 04:50:59
Operation Blade,OCEANCAST,2021-07-08 04:05:47
Operation Blade,焱轩,2021-07-08 02:58:38
Operation Blade,幻本幻,2021-07-08 01:48:40
Operation Blade,凯尔希的屑博士,2021-07-07 23:18:16
Operation Blade,chrbfhrsjchfuc,2021-07-07 15:01:50
Operation Blade,chrbfhrsjchfuc,2021-07-07 15:01:11
Operation Blade,chrbfhrsjchfuc,2021-07-07 14:59:57
Operation Blade,叶初灬夏,2021-07-07 14:25:09
Operation Blade,弦歌秘影,2021-07-07 12:10:30
Operation Blade,辣里脊_r0Xr,2021-07-07 08:57:44
Operation Blade,辣里脊_r0Xr,2021-07-07 08:57:10
Operation Blade,初灵1804,2021-07-07 08:51:36
Operation Blade,酸笋鱼头,2021-07-07 05:14:52
Operation Blade,鹏鹏格鲁斯兰巨蟒,2021-07-07 03:25:51
Operation Blade,GEEEEEET_,2021-07-07 03:05:41
Operation Blade,万鬼钟老板,2021-07-06 17:33:55
Operation Blade,AsyIum,2021-07-06 13:41:02
Operation Blade,往昔流光,2021-07-02 11:14:38
Operation Blade,凯尔希厨,2021-07-02 10:41:58
Operation Blade,CO_URIER,2021-07-02 07:50:33
Operation Blade,UBW90,2021-07-02 07:33:54
Operation Blade,lank-_-,2021-07-02 04:48:20
Operation Blade,有坨便叫小黑,2021-07-02 02:57:08
Operation Blade,x_娘梦,2021-07-01 17:17:06
Operation Blade,血月里的一抹彩虹屁,2021-07-01 16:10:33
Operation Blade,灵,2021-07-01 14:47:47
Operation Blade,灵,2021-07-01 14:47:05
Operation Blade,灵,2021-07-01 14:46:44
Operation Blade,灵,2021-07-01 14:46:25
Operation Blade,灵,2021-07-01 14:45:30
Operation Blade,灵,2021-07-01 14:45:17
Operation Blade,墨之寒殇,2021-07-01 13:03:27
Operation Blade,往昔流光,2021-07-01 11:31:22
Operation Blade,森蚺冰,2021-07-01 10:05:16
Operation Blade,往昔流光,2021-07-01 09:49:46
Operation Blade,SS阿遥遥,2021-07-01 07:59:51
Operation Blade,玖墨抽不到岩王爷不改名,2021-07-01 07:54:14
Operation Blade,炸你无德岛_,2021-06-27 03:53:32
Operation Blade,醉酒的小松鼠,2021-06-26 23:01:30
Operation Blade,春茶泡饭_,2021-06-26 17:46:22
Operation Blade,腐女子jing,2021-06-26 14:38:25
Operation Blade,SaLeNtLy,2021-06-26 14:26:30
Operation Blade,Yellow4butter,2021-06-26 13:23:05
Operation Blade,盛煌若,2021-06-26 13:16:45
Operation Blade,早川六六子,2021-06-26 12:38:46
Operation Blade,闭口无目,2021-06-26 11:13:40
Operation Blade,闭口无目,2021-06-26 11:12:29
Operation Blade,猫定饿鹅鳄鄂蛾厄噩额的薛,2021-06-26 10:27:55
Operation Blade,猫定饿鹅鳄鄂蛾厄噩额的薛,2021-06-26 10:26:44
Operation Blade,老@次元了,2021-06-26 09:31:13
Operation Blade,名还没想好a,2021-06-26 07:13:00
Operation Blade,烧瓷的Robin,2021-06-26 06:50:40
Operation Blade,Hakuryu25500,2021-06-26 06:01:57
Operation Blade,san56,2021-06-26 03:40:25
Operation Blade,夜鸩,2021-06-26 01:23:54
Operation Blade,狐言乱语_IEIF,2021-06-26 00:11:50
Operation Blade,狐言乱语_IEIF,2021-06-26 00:09:22
Operation Blade,耩煜,2021-06-23 02:56:47
Operation Blade,Raining_Sparkle,2021-06-22 16:45:11
Operation Blade,高海xxx,2021-06-22 16:16:21
Operation Blade,Cresendo,2021-06-22 15:00:09
Operation Blade,骨熬天,2021-06-22 11:28:49
Operation Blade,是深澜色不是蓝,2021-06-22 10:47:35
Operation Blade,一个躲在小被几的滑稽,2021-06-22 10:46:55
Operation Blade,GEEEEEET_,2021-06-22 10:12:16
Operation Blade,鼬手牵佐手180916,2021-06-22 10:05:33
Operation Blade,UBW90,2021-06-22 06:31:23
Operation Blade,UBW90,2021-06-22 06:27:48
Operation Blade,你比以前更丑了,2021-06-22 04:00:20
Operation Blade,迈向死亡的天使,2021-06-22 03:44:14
Operation Blade,守望者木头人,2021-06-22 03:33:50
Operation Blade,歼灭的狂炎,2021-06-22 03:21:12
Operation Blade,Thanks雪,2021-06-22 00:06:04
Operation Blade,李云龙练轻功,2021-06-21 17:30:09
Operation Blade,夜浅入林深,2021-06-21 17:24:39
Operation Blade,李云龙练轻功,2021-06-21 17:12:14
Operation Blade,fa老王,2021-06-21 13:13:05
Operation Blade,小小新人zzZ,2021-06-19 17:41:30
Operation Blade,茉莉花开____,2021-06-19 17:03:47
Operation Blade,JoeAden,2021-06-19 15:12:49
Operation Blade,冥思螨,2021-06-19 14:55:07
Operation Blade,笑语lala,2021-06-19 14:19:13
Operation Blade,逃离雷克雅未克,2021-06-19 13:51:42
Operation Blade,风行者AE50,2021-06-19 13:28:54
Operation Blade,是我且是我,2021-06-19 11:29:08
Operation Blade,风神-温迪,2021-06-19 11:08:06
Operation Blade,MuYuQSC,2021-06-19 10:17:32
Operation Blade,言寺不祀,2021-06-19 09:09:32
Operation Blade,芋头404,2021-06-19 08:34:53
Operation Blade,云Y帆F,2021-06-19 07:28:39
Operation Blade,NIGHTFICo,2021-06-19 07:26:24
Operation Blade,符华上上上仙,2021-06-19 07:00:17
Operation Blade,U丶小黑,2021-06-19 05:49:11
Operation Blade,U丶小黑,2021-06-19 05:48:16
Operation Blade,念世一生,2021-06-19 05:30:02
Operation Blade,南明恁魔商确,2021-06-19 04:53:35
Operation Blade,OdaNobunaga_,2021-06-19 04:28:00
Operation Blade,曦丨夜,2021-06-16 09:47:30
Operation Blade,道政兄,2021-06-16 09:29:34
Operation Blade,云畔雨生歌,2021-06-16 09:03:39
Operation Blade,最后的逝水,2021-06-16 06:21:56
Operation Blade,飞的更高QWQ,2021-06-16 05:38:20
Operation Blade,间-画,2021-06-16 00:52:02
Operation Blade,小周颖世界第一可爱,2021-06-15 22:44:20
Operation Blade,炎火火灭,2021-06-15 15:36:37
Operation Blade,亲爱的洪总,2021-06-15 15:33:06
Operation Blade,三沙大闹切尔诺贝利,2021-06-15 14:28:52
Operation Blade,-LODESTAR_,2021-06-15 13:54:52
Operation Blade,我真的不腹黑,2021-06-15 13:17:19
Operation Blade,L_临,2021-06-15 12:58:49
Operation Blade,L_临,2021-06-15 12:56:44
Operation Blade,L_临,2021-06-15 12:56:19
Operation Blade,L_临,2021-06-15 12:53:56
Operation Blade,青,2021-06-15 12:37:04
Operation Blade,阿转仔,2021-06-15 10:57:21
Operation Blade,公旅献策,2021-06-15 10:54:14
Operation Blade,风林火山疾如风flhs126,2021-06-15 10:49:19
Operation Blade,EX危夜,2021-06-13 14:39:28
Operation Blade,羲和天外飞仙,2021-06-13 13:32:41
Operation Blade,____Iridescent____,2021-06-13 13:14:42
Operation Blade,LINFET,2021-06-13 13:06:59
Operation Blade,LSHJTF,2021-06-13 13:02:22
Operation Blade,最高境界_ajsT,2021-06-13 12:26:34
Operation Blade,某一只熊,2021-06-13 12:08:34
Operation Blade,某一只熊,2021-06-13 12:06:54
Operation Blade,whiter1708,2021-06-13 12:04:02
Operation Blade,Pekone,2021-06-13 10:58:29
Operation Blade,青罡-,2021-06-13 10:36:07
Operation Blade,来自巴别塔的亡灵,2021-06-13 10:00:21
Operation Blade,憨burger赛高,2021-06-13 09:32:54
Operation Blade,叶辰天,2021-06-13 09:21:03
Operation Blade,曦丨夜,2021-06-13 09:12:19
Operation Blade,曦丨夜,2021-06-13 09:11:43
Operation Blade,曦丨夜,2021-06-13 09:09:40
Operation Blade,黑栩,2021-06-13 07:32:29
Operation Blade,4__0__4__E__R__R__O__R,2021-06-13 07:20:51
Operation Blade,今好-,2021-06-13 06:42:42
Operation Blade,nillas,2021-06-12 04:30:24
Operation Blade,一枚豆沙包_,2021-06-12 03:23:04
Operation Blade,天命猪脚_Official,2021-06-11 22:36:38
Operation Blade,初代雷影皮卡丘,2021-06-11 18:40:46
Operation Blade,ENSHAL_HEAVY-INDUSTRY-DX蚺某,2021-06-11 17:18:52
Operation Blade,A蕉迟但到,2021-06-11 16:34:38
Operation Blade,青橙白,2021-06-11 16:13:53
Operation Blade,万俟昭斌,2021-06-11 12:02:22
Operation Blade,万俟昭斌,2021-06-11 12:01:02
Operation Blade,帐号已注销,2021-06-11 11:31:41
Operation Blade,BDZAC,2021-06-11 09:12:09
Operation Blade,蒎烯28,2021-06-11 06:02:42
Operation Blade,某岛的傻狗,2021-06-11 01:34:48
Operation Blade,伍爻亓,2021-06-10 17:44:40
Operation Blade,维新六君子纸鱼,2021-06-10 17:11:31
Operation Blade,海豹氰化物,2021-06-10 15:49:25
Operation Blade,苏于羡,2021-06-10 14:28:49
Operation Blade,HXC-幻想者,2021-06-10 12:17:56
Operation Blade,拾鹿_musunia,2021-06-10 11:42:17
Operation Blade,刹车选配,2021-06-10 08:36:29
Operation Blade,好狗一狗,2021-06-08 09:31:02
Operation Blade,小黄Dustbin,2021-06-08 09:30:34
Operation Blade,符浮awa,2021-06-08 08:39:21
Operation Blade,MJJJJJJJ,2021-06-08 07:25:41
Operation Blade,采桑子01,2021-06-08 04:34:46
Operation Blade,容薄情你得支棱起来啊,2021-06-08 04:31:43
Operation Blade,7774111,2021-06-08 04:24:03
Operation Blade,商影洒,2021-06-08 03:15:55
Operation Blade,日系少女草草子,2021-06-08 02:32:22
Operation Blade,沐浴圣光的大螺丝,2021-06-07 15:48:23
Operation Blade,止_林,2021-06-07 15:27:01
Operation Blade,悦语无音,2021-06-07 14:54:55
Operation Blade,水是剧毒的吗,2021-06-07 14:08:18
Operation Blade,y绯世,2021-06-07 10:40:56
Operation Blade,信水司风,2021-06-07 10:36:40
Operation Blade,信水司风,2021-06-07 10:35:31
Operation Blade,HazarD_OIV,2021-06-07 09:22:03
Operation Blade,D-Hero-Bloo-D,2021-06-07 06:56:15
Operation Blade,燃风炽意,2021-06-07 04:22:47
Operation Blade,走不动的大图书馆,2021-06-07 04:16:55
Operation Blade,王爷ering,2021-06-04 15:46:32
Operation Blade,cdx992,2021-06-04 15:43:00
Operation Blade,叁柒021,2021-06-04 15:22:10
Operation Blade,叁柒021,2021-06-04 15:21:07
Operation Blade,叁柒021,2021-06-04 15:20:46
Operation Blade,骆一锅它哥,2021-06-04 08:54:21
Operation Blade,LLLLLL_Gasuki,2021-06-04 08:52:03
Operation Blade,语_,2021-06-04 08:10:48
Operation Blade,枫殇DE记忆,2021-06-04 07:34:27
Operation Blade,冰璇丶北辰,2021-06-04 06:09:09
Operation Blade,八云琪,2021-06-04 06:07:59
Operation Blade,南末灬FEINT,2021-06-03 14:14:05
Operation Blade,拉普兰德我女儿,2021-06-03 13:22:55
Operation Blade,Zzz子安Zian,2021-06-03 13:19:54
Operation Blade,雾霭似烟,2021-06-03 13:15:54
Operation Blade,帮把这杯可乐炸一下,2021-06-03 10:46:18
Operation Blade,用户3987725322,2021-06-03 06:23:21
Operation Blade,缘硎撬,2021-06-03 03:41:11
Operation Blade,加百林,2021-06-03 00:04:47
Operation Blade,DC-秋名车山神,2021-06-03 00:02:47
Operation Blade,小笼包和菠萝包,2021-05-31 14:09:57
Operation Blade,勿忘灬星夜,2021-05-31 14:06:42
Operation Blade,莉赛特Kalar,2021-05-31 12:41:58
Operation Blade,Hocking-S,2021-05-31 12:14:23
Operation Blade,Corbie_Desk,2021-05-31 10:28:26
Operation Blade,将归R,2021-05-31 10:12:04
Operation Blade,无名之辈_Vh3q,2021-05-31 09:15:17
Operation Blade,橘子超甜甜甜甜,2021-05-31 08:53:21
Operation Blade,肾萝舔丁,2021-05-31 08:31:44
Operation Blade,神说我太帅,2021-05-31 07:17:29
Operation Blade,爱捉迷藏的醉忘机,2021-05-31 06:54:23
Operation Blade,神奇_猫好好酱,2021-05-31 06:26:27
Operation Blade,吃不到葡萄说柠檬酸啦,2021-05-31 05:52:17
Operation Blade,HTTenderly,2021-05-31 00:15:23
Operation Blade,新歌假课,2021-05-30 23:21:20
Operation Blade,SaigetsuFubuki,2021-05-30 20:46:33
Operation Blade,多秋少事,2021-05-30 20:00:09
Operation Blade,虎鲸呼鲸湖鲸,2021-05-30 17:27:35
Operation Blade,虎鲸呼鲸湖鲸,2021-05-30 17:27:20
Operation Blade,锦依卫_空气,2021-05-30 16:18:13
Operation Blade,Els2006,2021-05-29 08:42:37
Operation Blade,空岛狄仪,2021-05-29 08:13:29
Operation Blade,_摩多_[岐奈_,2021-05-29 06:22:01
Operation Blade,_摩多_[岐奈_,2021-05-29 06:20:26
Operation Blade,夏末晚晖,2021-05-29 06:06:49
Operation Blade,疯柴郡,2021-05-29 04:50:25
Operation Blade,Dr_HomueSea,2021-05-29 04:07:58
Operation Blade,--昼S--,2021-05-29 03:39:28
Operation Blade,妖刀_不知火,2021-05-29 00:23:37
Operation Blade,狂暴蒂厨组长,2021-05-28 23:32:06
Operation Blade,我的名字竟有九个字,2021-05-28 23:15:11
Operation Blade,夏天街,2021-05-28 16:33:01
Operation Blade,远水云,2021-05-28 16:23:52
Operation Blade,远水云,2021-05-28 16:23:29
Operation Blade,这个杰哥就是逊诶,2021-05-28 14:44:54
Operation Blade,Morlan__,2021-05-28 11:45:05
Operation Blade,罗德岛制药业,2021-05-28 11:35:12
Operation Blade,_微之_,2021-05-28 09:49:56
Operation Blade,tomatoi,2021-05-28 08:44:26
Operation Blade,司徒LS,2021-05-28 07:22:51
Operation Blade,Imitation,2021-05-26 07:39:24
Operation Blade,千k,2021-05-26 05:09:49
Operation Blade,咯咯咯啦啦啦啦啦啦咯咯咯咯,2021-05-26 04:21:02
Operation Blade,无影好兄弟,2021-05-26 00:44:08
Operation Blade,yeayou6,2021-05-25 15:09:45
Operation Blade,疯煌猫猫,2021-05-25 14:57:23
Operation Blade,放弃治疗的狗七贺,2021-05-25 14:46:17
Operation Blade,道--衍,2021-05-25 14:29:00
Operation Blade,奥拉姬-莲,2021-05-25 14:25:02
Operation Blade,古明地U,2021-05-25 12:54:02
Operation Blade,Alex-303,2021-05-25 11:28:29
Operation Blade,疯不觉嘿嘿嘿1705,2021-05-25 11:08:49
Operation Blade,八云琪,2021-05-25 06:38:38
Operation Blade,jgbjyg,2021-05-25 06:38:06
Operation Blade,星空下的回忆200310,2021-05-25 06:03:41
Operation Blade,星空下的回忆200310,2021-05-25 05:59:45
Operation Blade,_素心-,2021-05-25 03:41:48
Operation Blade,小鱼没有鱼鱼,2021-05-25 01:55:00
Operation Blade,小鱼没有鱼鱼,2021-05-25 01:54:29
Operation Blade,Sparky_14145,2021-05-25 01:06:19
Operation Blade,Atlria_Pendragon,2021-05-22 14:55:49
Operation Blade,ArthasMenethil210736,2021-05-22 14:38:51
Operation Blade,猫定饿鹅鳄鄂蛾厄噩额的薛,2021-05-22 14:25:55
Operation Blade,汉诺Revolver,2021-05-22 13:52:13
Operation Blade,博福doctorfrisk,2021-05-22 13:34:22
Operation Blade,博福doctorfrisk,2021-05-22 13:33:12
Operation Blade,蓝精灵xxxxxx,2021-05-22 13:20:23
Operation Blade,我白勺桌面,2021-05-22 13:10:10
Operation Blade,网易云失踪用户,2021-05-22 13:02:31
Operation Blade,网易云失踪用户,2021-05-22 12:59:20
Operation Blade,午安安-_-,2021-05-22 12:54:32
Operation Blade,你比以前更丑了,2021-05-22 12:37:53
Operation Blade,金秋酒月,2021-05-22 09:50:16
Operation Blade,孤麻雀,2021-05-22 09:47:21
Operation Blade,捎,2021-05-22 09:26:46
Operation Blade,display仕望河,2021-05-22 08:11:33
Operation Blade,向魔王献上漆黑之冠,2021-05-22 07:48:41
Operation Blade,念夏owo,2021-05-22 07:42:13
Operation Blade,火精花,2021-05-22 06:11:46
Operation Blade,知声_ECHO,2021-05-22 05:20:17
Operation Blade,叁O,2021-05-20 12:06:32
Operation Blade,Oprime_Zzx,2021-05-20 10:17:24
Operation Blade,球号,2021-05-20 08:27:18
Operation Blade,无厘头的摩羯,2021-05-20 07:58:16
Operation Blade,东京斯卡大冰鱼韵ALXD_bot,2021-05-20 07:19:14
Operation Blade,炼狱末影,2021-05-20 06:03:54
Operation Blade,七色的寒蝉,2021-05-20 05:42:38
Operation Blade,莲镜01,2021-05-20 05:26:49
Operation Blade,Index0o0,2021-05-20 04:56:01
Operation Blade,虎牙枫叶诶,2021-05-20 04:41:36
Operation Blade,我永远喜欢冲田总司,2021-05-20 03:31:52
Operation Blade,窃听者老陈,2021-05-19 17:13:40
Operation Blade,吃烤牛筋考牛津,2021-05-19 17:11:35
Operation Blade,消逝中的火花,2021-05-19 15:46:56
Operation Blade,-陌予倾城-,2021-05-19 15:11:23
Operation Blade,i-w-b-loser,2021-05-19 13:17:32
Operation Blade,Hocking-S,2021-05-19 12:53:02
Operation Blade,_遥寄,2021-05-19 10:36:38
Operation Blade,MW_Lt,2021-05-19 09:09:24
Operation Blade,斩弱电空,2021-05-19 08:25:02
Operation Blade,aaaaaaaa西,2021-05-16 14:36:52
Operation Blade,璀璨的五彩棒棒糖,2021-05-16 14:36:41
Operation Blade,L-YOITE,2021-05-16 14:32:45
Operation Blade,I-Owen-I,2021-05-16 14:28:42
Operation Blade,年夕贴贴,2021-05-16 14:26:59
Operation Blade,年夕贴贴,2021-05-16 14:14:26
Operation Blade,Suq_Esyia,2021-05-16 14:02:52
Operation Blade,小小勇者罗兰,2021-05-16 13:35:23
Operation Blade,毁灭性炸裂,2021-05-16 11:58:02
Operation Blade,{@大魔王,2021-05-16 11:34:37
Operation Blade,朱雀_鼬,2021-05-16 11:32:55
Operation Blade,年夕贴贴,2021-05-16 11:13:40
Operation Blade,年夕贴贴,2021-05-16 11:12:31
Operation Blade,年夕贴贴,2021-05-16 11:11:42
Operation Blade,踏上南方朝圣旅,2021-05-16 10:28:03
Operation Blade,空庵械囊幻X,2021-05-16 10:10:55
Operation Blade,流体力学雕塑,2021-05-16 09:26:39
Operation Blade,鱼煲boon,2021-05-16 08:00:11
Operation Blade,远坂凛_z,2021-05-16 07:16:49
Operation Blade,富营养的爬行者,2021-05-16 06:53:48
Operation Blade,努力扯着嘴角微笑__,2021-05-14 13:24:01
Operation Blade,一座孤城与一人,2021-05-14 10:35:46
Operation Blade,wwwwwwwwqwwwwwwww,2021-05-14 09:59:07
Operation Blade,墨云-沧桑,2021-05-14 08:37:41
Operation Blade,铃谷我老婆,2021-05-14 04:16:08
Operation Blade,Yukino丶Yui,2021-05-14 01:04:35
Operation Blade,虚无小洵,2021-05-13 23:51:31
Operation Blade,心灵空间环境,2021-05-13 17:35:07
Operation Blade,Kakyoin__Noriaki,2021-05-13 16:41:57
Operation Blade,铃木露露,2021-05-13 16:19:36
Operation Blade,过分狐狸,2021-05-13 16:00:36
Operation Blade,Kujo___Jotaro,2021-05-13 14:45:55
Operation Blade,冷雨清秋-流年似水,2021-05-13 14:43:05
Operation Blade,eno1811,2021-05-13 13:36:04
Operation Blade,罗德岛制药业,2021-05-13 13:23:22
Operation Blade,孤独的逆夏,2021-05-13 12:38:29
Operation Blade,仲丶疯子,2021-05-13 12:15:49
Operation Blade,Sans的番茄罐,2021-05-13 11:24:14
Operation Blade,胡桃胡桃嗷嗷嗷,2021-05-13 10:52:12
Operation Blade,胡桃胡桃嗷嗷嗷,2021-05-13 10:51:18
Operation Blade,q柒正在学习鸭,2021-05-11 13:27:23
Operation Blade,星光棒棒糖,2021-05-11 12:34:34
Operation Blade,MAGOTAN迈腾,2021-05-11 12:33:00
Operation Blade,___那时年少,2021-05-11 11:58:53
Operation Blade,戮己,2021-05-11 11:18:05
Operation Blade,独行之心,2021-05-11 07:20:45
Operation Blade,千禧中立单位2001,2021-05-11 05:02:10
Operation Blade,愿你归来初心不改,2021-05-11 04:01:49
Operation Blade,扫雪呢,2021-05-10 18:45:45
Operation Blade,w,2021-05-10 15:19:30
Operation Blade,共产主义战士夜凉凉的吹,2021-05-10 14:26:29
Operation Blade,共产主义战士夜凉凉的吹,2021-05-10 14:17:20
Operation Blade,共产主义战士夜凉凉的吹,2021-05-10 14:12:59
Operation Blade,带带四师兄,2021-05-10 13:21:57
Operation Blade,ghs-_,2021-05-10 10:26:14
Operation Blade,逮个老婆炖汤,2021-05-10 07:56:44
Operation Blade,夜瞳delight,2021-05-10 07:27:42
Operation Blade,无忆曲萌萌,2021-05-10 06:52:18
Operation Blade,Dutyfr2,2021-05-09 16:45:01
Operation Blade,共由阳,2021-05-09 16:06:09
Operation Blade,High嗨神,2021-05-08 01:44:58
Operation Blade,碳水是好文明,2021-05-07 23:43:52
Operation Blade,本座秀儿,2021-05-07 17:58:44
Operation Blade,阿蕾尔,2021-05-07 17:09:20
Operation Blade,-sonnenaufgang-,2021-05-07 16:34:51
Operation Blade,秋心入画ay,2021-05-07 15:50:01
Operation Blade,离舟_933,2021-05-07 14:51:29
Operation Blade,红旗不卷,2021-05-07 13:34:40
Operation Blade,50mg的火锅理论,2021-05-07 12:00:41
Operation Blade,Buyee,2021-05-07 11:18:35
Operation Blade,喜欢糖------,2021-05-07 09:56:46
Operation Blade,核萌超人,2021-05-07 08:34:28
Operation Blade,念夏owo,2021-05-07 08:09:23
Operation Blade,假装正经170521,2021-05-07 06:36:47
Operation Blade,一只粝爰0v0,2021-05-07 06:11:00
Operation Blade,一只粝爰0v0,2021-05-07 06:07:33
Operation Blade,\茶T言,2021-05-07 04:38:04
Operation Blade,Mashiro10969,2021-05-07 04:11:11
Operation Blade,三沙大闹切尔诺贝利,2021-05-06 21:47:02
Operation Blade,50mg的火锅理论,2021-05-06 19:51:43
Operation Blade,爱吃肉桂卷的M4A1,2021-05-05 03:38:05
Operation Blade,鹅鹅鹅鹅鹅搜索,2021-05-05 03:27:36
Operation Blade,2B中的战神,2021-05-05 03:16:59
Operation Blade,哒哒哒白噪声,2021-05-05 02:54:41
Operation Blade,我们无法充钱,2021-05-05 02:51:53
Operation Blade,追着风筝的我们,2021-05-05 02:20:19
Operation Blade,用户246225552,2021-05-05 01:04:29
Operation Blade,NG10010,2021-05-05 00:36:08
Operation Blade,逸冰4468,2021-05-05 00:32:37
Operation Blade,遁世无门_Gwbh,2021-05-04 23:44:56
Operation Blade,Wodernet,2021-05-04 20:37:58
Operation Blade,狂三小男人,2021-05-04 19:03:21
Operation Blade,Ploaie_laca,2021-05-04 18:11:24
Operation Blade,云村村民161521272615773,2021-05-04 16:32:23
Operation Blade,云村村民161521272615773,2021-05-04 16:31:36
Operation Blade,豆花花花_,2021-05-04 15:58:08
Operation Blade,白金之星-天堂超越,2021-05-04 15:47:11
Operation Blade,nido1806,2021-05-04 15:16:43
Operation Blade,Honest-City,2021-05-04 14:00:54
Operation Blade,啦啦啦啦啦啦181122,2021-05-04 13:43:51
Operation Blade,今天也要继续下去呢,2021-05-03 14:53:47
Operation Blade,今天也要继续下去呢,2021-05-03 14:51:57
Operation Blade,死神小兔,2021-05-03 14:39:30
Operation Blade,HsiaoENAMI,2021-05-03 14:29:13
Operation Blade,克洛伊爱因兹贝伦,2021-05-03 14:19:12
Operation Blade,涨号己祝削,2021-05-03 14:17:05
Operation Blade,RED_COMET0079,2021-05-03 14:16:28
Operation Blade,铅笔囚人,2021-05-03 13:58:31
Operation Blade,波风X水门_0727,2021-05-03 13:57:44
Operation Blade,云澹烟_有叶知秋,2021-05-03 13:56:12
Operation Blade,鱿鱼与章鱼,2021-05-03 13:55:28
Operation Blade,环绕奇点,2021-05-03 13:21:02
Operation Blade,ConstantingJohn,2021-05-03 12:40:26
Operation Blade,英雄或蜀黍yy,2021-05-03 12:33:01
Operation Blade,英雄或蜀黍yy,2021-05-03 12:32:14
Operation Blade,阿哩阿li,2021-05-03 10:56:52
Operation Blade,永带妹X_X,2021-05-03 10:06:50
Operation Blade,名字真TM难起251,2021-05-03 09:12:36
Operation Blade,龙门_DlSQ,2021-05-03 08:11:15
Operation Blade,mei酱是三得利梅酒爱好者,2021-05-03 07:56:02
Operation Blade,精神病人于,2021-05-02 13:45:15
Operation Blade,\-糖,2021-05-02 13:35:32
Operation Blade,柳日音花,2021-05-02 13:11:06
Operation Blade,Acathexiss,2021-05-02 11:23:04
Operation Blade,淦林娘啊,2021-05-02 11:11:40
Operation Blade,兵长生烤后颈肉,2021-05-02 10:32:03
Operation Blade,兵长生烤后颈肉,2021-05-02 10:31:18
Operation Blade,绝对nova,2021-05-02 08:35:11
Operation Blade,数学选修2,2021-05-02 08:01:39
Operation Blade,一语摸鱼中,2021-05-02 07:44:23
Operation Blade,峰丿断灬村雨,2021-05-02 07:33:06
Operation Blade,无人常听,2021-05-02 05:52:55
Operation Blade,花拾54,2021-05-02 04:27:27
Operation Blade,无头DD闻异录,2021-05-02 03:11:26
Operation Blade,板砖君1905,2021-05-02 02:20:50
Operation Blade,小笼包和菠萝包,2021-05-02 01:51:27
Operation Blade,inky殿下,2021-05-02 01:40:57
Operation Blade,inky殿下,2021-05-02 01:39:12
Operation Blade,天寒之间,2021-05-02 01:18:44
Operation Blade,一般路过sans酱,2021-05-01 23:32:55
Operation Blade,鎏炎绯语,2021-04-30 03:25:49
Operation Blade,鎏炎绯语,2021-04-30 03:21:36
Operation Blade,鎏炎绯语,2021-04-30 03:17:14
Operation Blade,星月潼光,2021-04-30 02:41:18
Operation Blade,Hiddeness,2021-04-30 02:35:34
Operation Blade,Hiddeness,2021-04-30 02:29:05
Operation Blade,游离子丶,2021-04-30 02:07:38
Operation Blade,I经营,2021-04-30 00:47:24
Operation Blade,枫Pa,2021-04-29 22:15:48
Operation Blade,一般路过sans酱,2021-04-29 17:00:11
Operation Blade,我白勺桌面,2021-04-29 14:38:41
Operation Blade,我白勺桌面,2021-04-29 14:37:00
Operation Blade,我白勺桌面,2021-04-29 14:34:30
Operation Blade,璀璨的五彩棒棒糖,2021-04-29 14:30:55
Operation Blade,御御御御御御弦,2021-04-29 06:28:51
Operation Blade,埃列什基伽勒nice,2021-04-29 04:01:35
Operation Blade,名字好难取我疯了,2021-04-29 02:12:21
Operation Blade,Qytip,2021-04-29 00:41:29
Operation Blade,流体力学雕塑,2021-04-28 23:09:21
Operation Blade,天裁者白,2021-04-28 18:24:05
Operation Blade,L狱炎,2021-04-27 12:27:23
Operation Blade,dark-future,2021-04-27 12:15:35
Operation Blade,Freak_er,2021-04-27 12:14:35
Operation Blade,云浮彻,2021-04-27 10:11:13
Operation Blade,iiiiich,2021-04-27 10:09:00
Operation Blade,摘星揽月Yn,2021-04-27 07:10:26
Operation Blade,月面战争,2021-04-27 06:33:06
Operation Blade,NEMOYoY,2021-04-27 03:09:24
Operation Blade,Panzerfaus,2021-04-27 02:21:05
Operation Blade,Panzerfaus,2021-04-27 02:16:27
Operation Blade,mask_eh,2021-04-27 00:47:34
Operation Blade,瑶灵樱,2021-04-26 17:48:34
Operation Blade,N透szd,2021-04-26 15:31:40
Operation Blade,N透szd,2021-04-26 15:31:08
Operation Blade,N透szd,2021-04-26 15:30:06
Operation Blade,一语摸鱼中,2021-04-26 14:47:46
Operation Blade,一语摸鱼中,2021-04-26 14:47:27
Operation Blade,一语摸鱼中,2021-04-26 14:45:25
Operation Blade,次元旋风姬,2021-04-26 12:50:16
Operation Blade,捞头唐,2021-04-26 12:01:05
Operation Blade,DoinAlright,2021-04-24 06:36:38
Operation Blade,宇诺WM,2021-04-24 04:39:37
Operation Blade,手握AK的刀客塔,2021-04-24 03:33:42
Operation Blade,某不知名的落萤,2021-04-24 02:19:56
Operation Blade,本座秀儿,2021-04-23 16:24:30
Operation Blade,玉梅看门狗,2021-04-23 15:38:47
Operation Blade,阿炼-炽,2021-04-23 15:32:44
Operation Blade,是你的教主哥,2021-04-23 15:01:09
Operation Blade,HsiaoENAMI,2021-04-23 14:15:42
Operation Blade,璀璨之,2021-04-23 14:09:53
Operation Blade,馒馒馒头精,2021-04-23 13:58:19
Operation Blade,Beinnded,2021-04-23 12:59:50
Operation Blade,樱花结局l,2021-04-23 12:11:32
Operation Blade,樱花结局l,2021-04-23 12:10:19
Operation Blade,琬芋的邮箱账号,2021-04-23 11:31:25
Operation Blade,长铗亦歌,2021-04-23 07:32:21
Operation Blade,肉肉Rosie725,2021-04-23 05:46:17
Operation Blade,好想变成天然卷,2021-04-23 05:22:11
Operation Blade,Lynn丿,2021-04-23 05:04:38
Operation Blade,德克萨斯激推bot,2021-04-23 04:51:17
Operation Blade,雾夭亡,2021-04-18 19:20:14
Operation Blade,SugizakiKey,2021-04-18 14:09:11
Operation Blade,逗比型仙女,2021-04-18 13:59:38
Operation Blade,Zalmanda,2021-04-18 13:36:38
Operation Blade,了了208_5gPA,2021-04-18 13:22:26
Operation Blade,我们都辜负了_ugTD,2021-04-18 13:15:40
Operation Blade,某沙雕患者,2021-04-18 12:47:07
Operation Blade,格雷Kun_,2021-04-18 10:49:42
Operation Blade,解枯荣,2021-04-18 09:00:48
Operation Blade,Yamata_C4H8CL2S,2021-04-18 08:59:12
Operation Blade,子夜要努力学习,2021-04-18 08:44:21
Operation Blade,子夜要努力学习,2021-04-18 08:30:48
Operation Blade,子夜要努力学习,2021-04-18 08:27:23
Operation Blade,林鸟气溶胶,2021-04-18 08:25:36
Operation Blade,好好听歌不ky,2021-04-18 08:04:49
Operation Blade,沉迷摸鱼的Jason于,2021-04-18 06:38:01
Operation Blade,萌动爱权威,2021-04-18 05:27:25
Operation Blade,丿f丶T,2021-04-18 03:24:51
Operation Blade,Moecreeper,2021-04-18 03:17:58
Operation Blade,采集器小号,2021-04-18 03:16:43
Operation Blade,林源礼,2021-04-16 14:05:04
Operation Blade,施佩伯爵小可爱,2021-04-16 13:45:48
Operation Blade,}_387,2021-04-16 11:10:59
Operation Blade,Reborn_0220,2021-04-16 09:49:22
Operation Blade,池通云,2021-04-16 08:28:50
Operation Blade,洛逍遥desu,2021-04-16 05:08:36
Operation Blade,calk_R90g,2021-04-16 00:10:19
Operation Blade,calk_R90g,2021-04-16 00:07:30
Operation Blade,@向,2021-04-15 15:29:06
Operation Blade,@向,2021-04-15 15:27:32
Operation Blade,我谋杀了一小缕月光,2021-04-15 15:12:03
Operation Blade,洋次郎是三木的星星,2021-04-15 15:01:18
Operation Blade,离魂寂月,2021-04-15 14:57:40
Operation Blade,乱跑的刀客塔,2021-04-15 14:47:28
Operation Blade,幻灭-星空,2021-04-15 10:15:33
Operation Blade,幻灭-星空,2021-04-15 10:14:18
Operation Blade,清水lyoliko,2021-04-15 10:04:47
Operation Blade,博乾盛世,2021-04-15 09:42:32
Operation Blade,DesperadoMiracle,2021-04-15 09:00:32
Operation Blade,芦花咕咕鸡,2021-04-15 08:32:11
Operation Blade,PETERAO,2021-04-13 01:11:35
Operation Blade,绮颖,2021-04-12 15:55:26
Operation Blade,四海190228,2021-04-12 14:35:39
Operation Blade,某洛姓千叶,2021-04-12 14:05:05
Operation Blade,Andrew-Silver,2021-04-12 13:25:44
Operation Blade,JaCkpot-_,2021-04-12 12:59:37
Operation Blade,洛归_,2021-04-12 12:37:27
Operation Blade,lappland_lll,2021-04-12 12:19:45
Operation Blade,淡蓝色的灵魂漂在地球上方,2021-04-12 11:29:54
Operation Blade,熬夜后来杯咖啡,2021-04-12 10:42:26
Operation Blade,soladora,2021-04-12 10:35:00
Operation Blade,光头常在,2021-04-12 10:09:59
Operation Blade,一朵金达莱,2021-04-12 08:47:22
Operation Blade,步羡鱼,2021-04-12 08:28:22
Operation Blade,步羡鱼,2021-04-12 08:25:35
Operation Blade,寒辰风信子,2021-04-12 08:22:48
Operation Blade,慈爱的教员,2021-04-12 08:22:34
Operation Blade,卡玛库拉_1101,2021-04-12 04:40:19
Operation Blade,朱丽叶司,2021-04-12 04:13:39
Operation Blade,朱丽叶司,2021-04-12 04:09:02
Operation Blade,G-asreil,2021-04-10 19:43:53
Operation Blade,G-asreil,2021-04-10 19:42:49
Operation Blade,G-asreil,2021-04-10 19:36:45
Operation Blade,G-asreil,2021-04-10 19:35:15
Operation Blade,G-asreil,2021-04-10 19:34:40
Operation Blade,G-asreil,2021-04-10 19:32:39
Operation Blade,G-asreil,2021-04-10 19:30:43
Operation Blade,昼与群青,2021-04-10 17:21:14
Operation Blade,Edwin_0729白起生日快乐,2021-04-10 16:54:58
Operation Blade,超大只橘子_,2021-04-10 16:31:01
Operation Blade,零曦露,2021-04-10 15:04:25
Operation Blade,世界屋脊sjabm,2021-04-10 14:35:52
Operation Blade,Hocking-S,2021-04-10 14:17:23
Operation Blade,Hocking-S,2021-04-10 14:14:07
Operation Blade,常言兴言,2021-04-10 14:02:53
Operation Blade,lilyite,2021-04-10 12:35:45
Operation Blade,-翔少-,2021-04-10 12:30:14
Operation Blade,人可申,2021-04-10 12:05:22
Operation Blade,一只老猹qwq,2021-04-10 11:39:12
Operation Blade,要幸福哟,2021-04-10 10:08:17
Operation Blade,逆游的鲲,2021-04-09 12:21:39
Operation Blade,好狗一狗,2021-04-09 11:51:09
Operation Blade,好狗一狗,2021-04-09 11:50:25
Operation Blade,凯-铠不管在哪个游戏都很NB,2021-04-09 11:48:54
Operation Blade,今夜也径直的探索着一个人的足迹,2021-04-09 09:56:24
Operation Blade,undertale-lover,2021-04-09 09:42:02
Operation Blade,Rin零,2021-04-09 07:42:33
Operation Blade,火车王丶丶,2021-04-09 06:27:56
Operation Blade,物忧夏色,2021-04-09 04:37:28
Operation Blade,王杰希的夫人,2021-04-09 04:13:26
Operation Blade,汐斯塔的妖精,2021-04-09 03:49:37
Operation Blade,_Cappella,2021-04-09 02:53:49
Operation Blade,竹河子,2021-04-09 01:40:11
Operation Blade,一只小拾月,2021-04-08 22:40:58
Operation Blade,风逆天下戏苍穹,2021-04-08 16:30:32
Operation Blade,半道子啊,2021-04-08 16:04:47
Operation Blade,wuli鎏光,2021-04-08 15:49:21
Operation Blade,wuli鎏光,2021-04-08 15:48:15
Operation Blade,1q就是了,2021-04-08 14:06:22
Operation Blade,一只小拾月,2021-04-08 13:10:17
Operation Blade,忘羡头号粉丝,2021-04-06 17:10:28
Operation Blade,忘羡头号粉丝,2021-04-06 17:04:02
Operation Blade,解_篱,2021-04-06 16:44:43
Operation Blade,解_篱,2021-04-06 16:43:29
Operation Blade,尤加利树上的鸫鸟,2021-04-06 16:03:39
Operation Blade,原则遇上心动就破例了,2021-04-06 15:44:28
Operation Blade,鱼煲boon,2021-04-06 15:36:02
Operation Blade,鱼煲boon,2021-04-06 15:35:17
Operation Blade,鱼煲boon,2021-04-06 15:34:23
Operation Blade,鱼煲boon,2021-04-06 15:32:32
Operation Blade,胡桃Krm,2021-04-06 14:55:07
Operation Blade,今天也是爱伊蕾娜的一天QwQ,2021-04-06 14:36:05
Operation Blade,莫德雷der,2021-04-06 13:18:56
Operation Blade,云出岫出云,2021-04-06 13:11:53
Operation Blade,吧哒哒Max,2021-04-06 12:43:36
Operation Blade,啊啦啦啦啦啦啦啦啦啦啦啦啦啦,2021-04-06 12:33:12
Operation Blade,我很乱,2021-04-06 09:43:28
Operation Blade,幻想的赫莱森,2021-04-06 08:37:12
Operation Blade,Sherlott_S,2021-04-06 07:23:22
Operation Blade,Omnisp,2021-04-06 05:00:16
Operation Blade,-寂静的守卫者-,2021-04-05 03:04:40
Operation Blade,CarrotCarol,2021-04-05 02:50:40
Operation Blade,雨墨kun,2021-04-05 01:43:47
Operation Blade,幻影寒冰,2021-04-05 01:36:59
Operation Blade,Nemo_Song,2021-04-05 00:47:25
Operation Blade,I-Owen-I,2021-04-05 00:01:37
Operation Blade,荒野军校生,2021-04-04 23:29:16
Operation Blade,一座孤城与一人,2021-04-04 20:50:48
Operation Blade,一座孤城与一人,2021-04-04 20:48:45
Operation Blade,一座孤城与一人,2021-04-04 20:47:56
Operation Blade,乱跑的刀客塔,2021-04-04 18:05:03
Operation Blade,乱跑的刀客塔,2021-04-04 18:01:06
Operation Blade,乱跑的刀客塔,2021-04-04 17:59:50
Operation Blade,残梦-黎明,2021-04-04 17:17:46
Operation Blade,一只只会喊6的咸鱼,2021-04-04 16:04:16
Operation Blade,一只只会喊6的咸鱼,2021-04-04 15:59:36
Operation Blade,狼小淋,2021-04-04 14:52:04
Operation Blade,骨蔓花,2021-04-04 14:30:24
Operation Blade,zc小姐我们的光----,2021-04-04 14:27:58
Operation Blade,--EXUSIAI---,2021-04-04 14:24:43
Operation Blade,幻影寒冰,2021-04-04 01:59:28
Operation Blade,幻影寒冰,2021-04-04 01:55:18
Operation Blade,你又不是我你怎么知道我快不快乐,2021-04-04 01:13:53
Operation Blade,平乐道乐,2021-04-04 00:58:02
Operation Blade,齿轮纪元,2021-04-03 22:47:15
Operation Blade,天穹之羽_w,2021-04-03 17:19:21
Operation Blade,天穹之羽_w,2021-04-03 17:18:17
Operation Blade,长坂坡大战六千原石虫,2021-04-03 16:43:18
Operation Blade,城南郑伊健,2021-04-03 16:21:11
Operation Blade,乱跑的刀客塔,2021-04-03 16:20:21
Operation Blade,乱跑的刀客塔,2021-04-03 16:11:51
Operation Blade,乱跑的刀客塔,2021-04-03 16:09:17
Operation Blade,乱跑的刀客塔,2021-04-03 16:05:24
Operation Blade,乱跑的刀客塔,2021-04-03 16:04:29
Operation Blade,用无敌的卖鱼强想办法的白金之星,2021-04-03 15:33:52
Operation Blade,安炮子,2021-04-03 15:10:09
Operation Blade,key_to_unversity,2021-04-03 15:07:15
Operation Blade,白夜li_VwDl,2021-04-03 15:03:51
Operation Blade,懒得起名啊唉,2021-04-03 14:17:38
Operation Blade,雀食堂小忍,2021-04-03 13:57:53
Operation Blade,EI,2021-04-03 05:20:15
Operation Blade,A小顺君,2021-04-03 05:00:36
Operation Blade,亚历克斯-赫希,2021-04-03 04:43:05
Operation Blade,Damocoste,2021-04-03 03:39:12
Operation Blade,--IRis-,2021-04-03 03:30:52
Operation Blade,听shui的心声,2021-04-03 03:20:48
Operation Blade,雨墨kun,2021-04-03 02:45:44
Operation Blade,阅本无数真君,2021-04-03 02:43:00
Operation Blade,两颗皮皮蛋,2021-04-03 02:39:11
Operation Blade,阅本无数真君,2021-04-03 02:38:43
Operation Blade,夜魇樱,2021-04-03 02:37:42
Operation Blade,小顾1803,2021-04-03 02:31:36
Operation Blade,计算机zy,2021-04-03 01:52:01
Operation Blade,深色瞳孔的星辉,2021-04-03 00:57:08
Operation Blade,亚历克斯-赫希,2021-04-02 23:56:06
Operation Blade,时雨燕_,2021-04-02 18:39:41
Operation Blade,一座孤城与一人,2021-04-02 18:27:57
Operation Blade,把,2021-04-02 18:09:26
Operation Blade,把,2021-04-02 18:07:28
Operation Blade,阿米娅的记忆,2021-04-02 17:44:40
Operation Blade,hai白骨,2021-04-02 03:59:31
Operation Blade,鱼是深海里一缕未亡的魂,2021-04-02 03:57:00
Operation Blade,hai白骨,2021-04-02 03:50:45
Operation Blade,RhineLab_,2021-04-02 03:41:48
Operation Blade,AriaFront,2021-04-02 03:26:19
Operation Blade,猥琐的我在嘿嘿嘿,2021-04-02 03:04:54
Operation Blade,Rink心忆,2021-04-02 02:10:49
Operation Blade,奥萨莉亚-幻星,2021-04-02 01:31:58
Operation Blade,Asura_9,2021-04-02 01:14:50
Operation Blade,red_moon_,2021-04-02 01:04:14
Operation Blade,Dande蒲公英,2021-04-02 00:38:37
Operation Blade,海阔天空dzh,2021-04-01 23:06:56
Operation Blade,塞雷娅单推人,2021-04-01 22:54:57
Operation Blade,吃鱼的迷路,2021-04-01 16:10:49
Operation Blade,今天的我也不喝奶茶-,2021-04-01 15:54:21
Operation Blade,优秀党员木吉,2021-04-01 15:49:11
Operation Blade,项目编号606永不言弃,2021-04-01 15:22:17
Operation Blade,竹修子呀,2021-04-01 15:15:01
Operation Blade,元力司马,2021-04-01 14:38:12
Operation Blade,东云时子,2021-04-01 14:24:51
Operation Blade,那蠕动的手抓向了另一只破损的脚,2021-03-31 16:22:52
Operation Blade,鱼煲boon,2021-03-31 16:10:38
Operation Blade,鱼煲boon,2021-03-31 16:10:00
Operation Blade,鱼煲boon,2021-03-31 16:06:25
Operation Blade,鱼煲boon,2021-03-31 16:04:36
Operation Blade,鱼煲boon,2021-03-31 16:04:14
Operation Blade,鱼煲boon,2021-03-31 16:02:16
Operation Blade,宿山_,2021-03-31 15:43:06
Operation Blade,妲慈莞尔,2021-03-31 15:36:29
Operation Blade,林间也有寂寞,2021-03-31 15:32:25
Operation Blade,小宝君yoho,2021-03-31 15:07:11
Operation Blade,听雪眠,2021-03-31 14:50:22
Operation Blade,一只粝爰0v0,2021-03-31 14:47:27
Operation Blade,-积羽沉舟,2021-03-31 14:40:56
Operation Blade,Raiseu,2021-03-31 13:41:44
Operation Blade,网恋碇真嗣被渚薰一拳干进ICU,2021-03-31 13:22:23
Operation Blade,油豆腐店老板娘八云蓝,2021-03-31 13:21:12
Operation Blade,泉客大仙,2021-03-31 13:19:04
Operation Blade,拿东子的波塞弓,2021-03-31 13:10:21
Operation Blade,兔子萌胧,2021-03-31 13:02:03
Operation Blade,这也太开心了是不是,2021-03-30 14:17:31
Operation Blade,罗氏萨科,2021-03-30 14:15:14
Operation Blade,米王浩,2021-03-30 14:08:19
Operation Blade,漫天钻石的Lucy,2021-03-30 14:01:51
Operation Blade,谁说无心不是GUMI唱的我打死他,2021-03-30 13:47:22
Operation Blade,我爸刚弄死他YE,2021-03-30 13:43:03
Operation Blade,林学沫攒人品,2021-03-30 13:39:20
Operation Blade,神秘的狗纸,2021-03-30 13:23:07
Operation Blade,请问您今天要来点far吗,2021-03-30 13:18:42
Operation Blade,Paper丶cuter,2021-03-30 13:15:02
Operation Blade,Paper丶cuter,2021-03-30 13:13:06
Operation Blade,绞碎之红刀,2021-03-30 12:40:21
Operation Blade,花消极,2021-03-30 12:12:33
Operation Blade,稀溶液的依数性,2021-03-30 11:20:39
Operation Blade,一碗咸鱼丸,2021-03-30 10:45:39
Operation Blade,卡斯特梅的雨季1801,2021-03-30 10:37:06
Operation Blade,妖孽_帮主,2021-03-30 09:34:41
Operation Blade,御坂10431号,2021-03-30 09:25:50
Operation Blade,迦勒底后宫王,2021-03-30 08:46:20
Operation Blade,devil0512,2021-03-30 08:46:02
Operation Blade,裂变者Z,2021-03-29 15:11:32
Operation Blade,凯尔希单推人,2021-03-29 15:00:54
Operation Blade,京城子羊,2021-03-29 14:58:06
Operation Blade,ZERO__TWO丶,2021-03-29 14:35:17
Operation Blade,老炸是个憨憨,2021-03-29 14:27:52
Operation Blade,10969_七海,2021-03-29 14:26:40
Operation Blade,羽轻风惜,2021-03-29 14:25:53
Operation Blade,法牌法,2021-03-29 14:15:27
Operation Blade,邵之助,2021-03-29 14:14:45
Operation Blade,10969_七海,2021-03-29 14:11:19
Operation Blade,hasteve,2021-03-29 14:05:04
Operation Blade,I灰羽,2021-03-29 13:57:37
Operation Blade,一杜宇诶,2021-03-29 13:47:31
Operation Blade,明且若末,2021-03-29 13:43:30
Operation Blade,-酸茶,2021-03-29 13:33:41
Operation Blade,-酸茶,2021-03-29 13:33:32
Operation Blade,SacredRrostitute,2021-03-29 13:31:35
Operation Blade,玖号区间,2021-03-29 13:15:07
Operation Blade,谁说无心不是GUMI唱的我打死他,2021-03-29 13:07:52
Operation Blade,carl约翰逊,2021-03-29 13:07:16
Operation Blade,水獭兔哉,2021-03-29 04:50:05
Operation Blade,z拉卡,2021-03-29 04:37:05
Operation Blade,我不能没有名字啊,2021-03-29 04:36:29
Operation Blade,比企谷_HaChIMaN_,2021-03-29 04:30:36
Operation Blade,比企谷_HaChIMaN_,2021-03-29 04:29:38
Operation Blade,维新六君子纸鱼,2021-03-29 03:58:09
Operation Blade,超大只橘子_,2021-03-29 03:48:41
Operation Blade,干脆干脆干脆面,2021-03-29 03:44:54
Operation Blade,光头常在,2021-03-29 03:42:31
Operation Blade,旧夏梦秋,2021-03-29 02:38:48
Operation Blade,音痴V3901,2021-03-29 02:16:17
Operation Blade,花生桃酥,2021-03-29 01:02:49
Operation Blade,比企谷_HaChIMaN_,2021-03-29 00:44:09
Operation Blade,梁了超不过叔了,2021-03-29 00:17:16
Operation Blade,史尔泥岩,2021-03-28 23:37:56
Operation Blade,史尔泥岩,2021-03-28 23:37:25
Operation Blade,锦依卫_舜依,2021-03-28 23:08:03
Operation Blade,被褥喵,2021-03-28 19:49:14
Operation Blade,0001456987,2021-03-28 18:34:27
Operation Blade,Ronin_Tree,2021-03-28 17:55:31
Operation Blade,低san老奶奶,2021-03-28 13:03:32
Operation Blade,影骛,2021-03-28 12:56:09
Operation Blade,在下年的旗袍,2021-03-28 12:51:01
Operation Blade,超级金闪闪顶级一号胖胖大白鹅,2021-03-28 12:49:09
Operation Blade,Latouchea-fokiensis-Franch,2021-03-28 12:39:11
Operation Blade,凌晨睡觉人Zz,2021-03-28 12:34:42
Operation Blade,火树JayZ,2021-03-28 12:21:28
Operation Blade,羊村王子,2021-03-28 11:50:06
Operation Blade,此处-彼方,2021-03-28 11:47:24
Operation Blade,辉月姬梨衣,2021-03-28 11:42:50
Operation Blade,云村的名字竟然可以有16个字诶,2021-03-28 11:09:57
Operation Blade,VerVta,2021-03-28 11:09:15
Operation Blade,吾名尘星,2021-03-28 10:58:25
Operation Blade,精分患者蘑菇薇,2021-03-28 10:56:10
Operation Blade,L-a-z-a-r-u-s-,2021-03-28 10:41:46
Operation Blade,十二多三笔,2021-03-28 10:14:40
Operation Blade,请稍戥,2021-03-28 10:13:47
Operation Blade,千棂13,2021-03-28 09:58:05
Operation Blade,投以木桃,2021-03-28 09:50:12
Operation Blade,bilibiliemiya,2021-03-28 09:50:09
Operation Blade,Latouchea-fokiensis-Franch,2021-03-28 03:10:56
Operation Blade,漏瑚少年,2021-03-28 03:08:48
Operation Blade,Latouchea-fokiensis-Franch,2021-03-28 03:08:06
Operation Blade,煎饼果子别放辣丶,2021-03-28 02:59:21
Operation Blade,FutureTank,2021-03-28 02:58:21
Operation Blade,此去-经年无憾,2021-03-28 02:57:34
Operation Blade,风丶Yatbo,2021-03-28 02:51:02
Operation Blade,夕立夕,2021-03-28 02:49:41
Operation Blade,正版零下零度,2021-03-28 02:45:29
Operation Blade,KNBER,2021-03-28 02:39:56
Operation Blade,愿拼搏终有收获,2021-03-28 02:28:56
Operation Blade,周烟尘,2021-03-28 02:27:21
Operation Blade,迪凯洛乐,2021-03-28 02:26:13
Operation Blade,温攻你白叔,2021-03-28 02:13:13
Operation Blade,墨青锋青锋青锋青锋,2021-03-28 02:09:17
Operation Blade,Meglok,2021-03-28 02:03:43
Operation Blade,野生啥比组长,2021-03-28 02:03:35
Operation Blade,是311啊,2021-03-28 02:02:45
Operation Blade,有压力的鸭梨,2021-03-28 01:57:49
Operation Blade,服务器毒瘤之白嫖王,2021-03-28 01:51:03
Operation Blade,等铭天过后,2021-03-27 16:36:52
Operation Blade,____wdnmd____,2021-03-27 16:24:53
Operation Blade,翔曾大师,2021-03-27 16:23:40
Operation Blade,翔曾大师,2021-03-27 16:22:58
Operation Blade,翔曾大师,2021-03-27 16:21:43
Operation Blade,Youaresoca,2021-03-27 16:04:40
Operation Blade,我是一乐啊,2021-03-27 15:56:14
Operation Blade,唐梓neko,2021-03-27 15:55:19
Operation Blade,咸鱼菜姬,2021-03-27 15:43:24
Operation Blade,用户1490824372,2021-03-27 15:43:18
Operation Blade,海因里希路德维希,2021-03-27 15:34:05
Operation Blade,海因里希路德维希,2021-03-27 15:31:54
Operation Blade,离黛ki,2021-03-27 15:29:38
Operation Blade,廉子虚,2021-03-27 15:29:10
Operation Blade,火焰猫_蓝,2021-03-27 15:25:07
Operation Blade,帐-,2021-03-27 15:24:38
Operation Blade,狩标浪人,2021-03-27 15:24:05
Operation Blade,火焰猫_蓝,2021-03-27 15:20:04
Operation Blade,傻傻的sasa居然被用了,2021-03-27 15:17:22
Operation Blade,你又不是我你怎么知道我快不快乐,2021-03-27 15:06:59
Operation Blade,ashes_Merlin,2021-03-27 13:03:22
Operation Blade,Anster末念,2021-03-27 12:56:37
Operation Blade,Anster末念,2021-03-27 12:55:37
Operation Blade,Anster末念,2021-03-27 12:54:18
Operation Blade,Anster末念,2021-03-27 12:53:44
Operation Blade,什么鬼套路,2021-03-27 12:47:51
Operation Blade,Visen丶Verson,2021-03-27 12:47:22
Operation Blade,落锤粉碎机,2021-03-27 12:45:06
Operation Blade,悠然孢子aa,2021-03-27 12:44:41
Operation Blade,狂暴蒂厨组长,2021-03-27 12:44:32
Operation Blade,和小李子上床了吗,2021-03-27 12:44:17
Operation Blade,狂暴蒂厨组长,2021-03-27 12:43:05
Operation Blade,我的小喇叭_,2021-03-27 12:41:22
Operation Blade,五谷丰登之年,2021-03-27 12:40:29
Operation Blade,expert宅g,2021-03-27 12:39:34
Operation Blade,CastAsy,2021-03-27 12:32:21
Operation Blade,TheDevourerofGods,2021-03-27 12:27:18
Operation Blade,Whshem,2021-03-27 12:26:11
Operation Blade,浅灰蓝调,2021-03-27 12:25:46
Operation Blade,h有灵犀,2021-03-27 12:23:02
Operation Blade,TY轩氏,2021-03-27 09:36:48
Operation Blade,蔚羽千城,2021-03-27 09:36:46
Operation Blade,秋洛儿_,2021-03-27 09:35:29
Operation Blade,has三怯腥,2021-03-27 09:33:33
Operation Blade,EsArk-,2021-03-27 09:33:06
Operation Blade,它现在跳得好快啊,2021-03-27 09:26:58
Operation Blade,-VV--7,2021-03-27 09:12:29
Operation Blade,闲引君,2021-03-27 09:09:32
Operation Blade,我才不叫王火火,2021-03-27 09:02:27
Operation Blade,the-Avocados,2021-03-27 08:58:05
Operation Blade,the-Avocados,2021-03-27 08:57:09
Operation Blade,予夏er,2021-03-27 08:56:55
Operation Blade,扫雪呢,2021-03-27 08:50:51
Operation Blade,森川},2021-03-27 08:42:33
Operation Blade,-485875698-,2021-03-27 08:34:27
Operation Blade,Latouchea-fokiensis-Franch,2021-03-27 08:18:35
Operation Blade,刀客塔210323,2021-03-27 08:17:44
Operation Blade,Latouchea-fokiensis-Franch,2021-03-27 08:14:01
Operation Blade,nyanyaboom,2021-03-27 08:06:27
Operation Blade,沐小汐________,2021-03-27 08:04:56
Operation Blade,好狗一狗,2021-03-27 05:54:56
Operation Blade,Limbor,2021-03-27 05:52:48
Operation Blade,鸽子j,2021-03-27 05:52:27
Operation Blade,管渣sama,2021-03-27 05:52:11
Operation Blade,DEAlonely,2021-03-27 05:50:51
Operation Blade,时间之外1903,2021-03-27 05:48:46
Operation Blade,强袭零式李二狗,2021-03-27 05:47:54
Operation Blade,linmolu,2021-03-27 05:47:05
Operation Blade,pourrir,2021-03-27 05:45:18
Operation Blade,我是一圆空白,2021-03-27 05:43:20
Operation Blade,我已留下感动的泪水otz,2021-03-27 05:39:36
Operation Blade,-苇草,2021-03-27 05:39:33
Operation Blade,艾团子aitz,2021-03-27 05:32:28
Operation Blade,正方向的弦,2021-03-27 05:29:36
Operation Blade,暗之捕鱼人,2021-03-27 05:24:14
Operation Blade,_Bethereforyou,2021-03-27 05:23:42
Operation Blade,_Bethereforyou,2021-03-27 05:21:30
Operation Blade,道外道,2021-03-27 05:14:55
Operation Blade,骆板来瓶怡宝,2021-03-27 05:11:32
Operation Blade,茂陵滞骨,2021-03-27 05:01:02
Operation Blade,mmAisling,2021-03-27 02:36:45
Operation Blade,Nightowl_N,2021-03-27 02:35:31
Operation Blade,凌山sama,2021-03-27 02:34:44
Operation Blade,地气之子,2021-03-27 02:31:03
Operation Blade,白墨黑池,2021-03-27 02:30:13
Operation Blade,白墨黑池,2021-03-27 02:29:59
Operation Blade,白墨黑池,2021-03-27 02:27:36
Operation Blade,猫性魔王,2021-03-27 02:26:11
Operation Blade,头哥丿,2021-03-27 02:22:19
Operation Blade,咖啡_hom,2021-03-27 02:18:57
Operation Blade,折纸化月,2021-03-27 02:11:34
Operation Blade,度假一天,2021-03-27 02:10:00
Operation Blade,污河士道君,2021-03-27 02:05:24
Operation Blade,纯粹的没有昵称菌,2021-03-27 01:57:14
Operation Blade,郁酒_miu,2021-03-27 01:37:19
Operation Blade,幽灵鲨鲨鲨鲨,2021-03-27 01:36:30
Operation Blade,Lewis_27,2021-03-27 01:35:05
Operation Blade,白衣尘扇,2021-03-27 01:33:24
Operation Blade,For_the_worthy,2021-03-27 01:32:07
Operation Blade,swilder2-,2021-03-27 01:26:47
Operation Blade,乐乃心声,2021-03-26 17:08:16
Operation Blade,霸气浩爷,2021-03-26 16:55:40
Operation Blade,新宝岛0v0,2021-03-26 16:52:44
Operation Blade,阿澄今天也单推度人,2021-03-26 16:50:47
Operation Blade,解-千-山,2021-03-26 16:45:07
Operation Blade,烟火调儿,2021-03-26 16:39:47
Operation Blade,Master_Chief0,2021-03-26 16:38:49
Operation Blade,散喵子m,2021-03-26 16:36:21
Operation Blade,,2021-03-26 16:31:25
Operation Blade,Hveorungr,2021-03-26 16:31:25
Operation Blade,大陆板块成精,2021-03-26 16:28:59
Operation Blade,小纸呀w,2021-03-26 16:23:50
Operation Blade,雾夭亡,2021-03-26 16:20:58
Operation Blade,cubeland_,2021-03-26 16:20:10
Operation Blade,来望亭,2021-03-26 16:19:29
Operation Blade,枫红恨秋,2021-03-26 16:18:56
Operation Blade,哈堀歌单超级棒,2021-03-26 16:17:53
Operation Blade,OverWhite_,2021-03-26 16:17:49
Operation Blade,枫红恨秋,2021-03-26 16:17:14
Operation Blade,天亮不亮天,2021-03-26 16:14:23
Operation Blade,CUYAR,2021-03-26 15:06:36
Operation Blade,蔚羽千城,2021-03-26 15:03:23
Operation Blade,桥上流光,2021-03-26 15:01:55
Operation Blade,Dusty_CY,2021-03-26 15:01:32
Operation Blade,有毒的墨猹,2021-03-26 14:57:46
Operation Blade,离黛ki,2021-03-26 14:51:36
Operation Blade,心爱千夜,2021-03-26 14:50:21
Operation Blade,亻尔女子亻责亻建,2021-03-26 14:49:14
Operation Blade,missionario,2021-03-26 14:46:59
Operation Blade,冷色cheeks_-,2021-03-26 14:46:36
Operation Blade,谨以此名忆本兮,2021-03-26 14:39:21
Operation Blade,recipiente,2021-03-26 14:37:29
Operation Blade,梦泽YMZ,2021-03-26 14:37:00
Operation Blade,_Bethereforyou,2021-03-26 14:35:28
Operation Blade,Ice_tear,2021-03-26 14:35:05
Operation Blade,企鹅物流德克萨斯,2021-03-26 14:34:16
Operation Blade,recipiente,2021-03-26 14:34:09
Operation Blade,一只小拾月,2021-03-26 14:32:41
Operation Blade,Ice_tear,2021-03-26 14:31:17
Operation Blade,高位截瘫重症患者,2021-03-26 14:30:54
Operation Blade,0055OOXX,2021-03-26 13:36:38
Operation Blade,p栖LSD,2021-03-26 13:36:16
Operation Blade,一座孤城与一人,2021-03-26 13:34:38
Operation Blade,沉安安安,2021-03-26 13:34:26
Operation Blade,短路函数,2021-03-26 13:30:31
Operation Blade,燕麦糯米糍,2021-03-26 13:30:14
Operation Blade,114koisi,2021-03-26 13:27:58
Operation Blade,蓝蓝蓝蓝蓝的blue,2021-03-26 13:26:35
Operation Blade,花火CatCo3,2021-03-26 13:26:31
Operation Blade,L-a-z-a-r-u-s-,2021-03-26 13:23:01
Operation Blade,L-a-z-a-r-u-s-,2021-03-26 13:21:56
Operation Blade,L-a-z-a-r-u-s-,2021-03-26 13:21:40
Operation Blade,八七寺真宵,2021-03-26 13:18:25
Operation Blade,小鱼柴,2021-03-26 13:16:05
Operation Blade,小鱼柴,2021-03-26 13:15:53
Operation Blade,liyifanq,2021-03-26 13:14:08
Operation Blade,叶zzzzzzzzxx,2021-03-26 13:12:17
Operation Blade,Nino-nakano,2021-03-26 13:10:14
Operation Blade,听音和乐,2021-03-26 13:10:07
Operation Blade,山风启,2021-03-26 13:09:41
Operation Blade,这个时光就是逊啦,2021-03-26 12:03:34
Operation Blade,龙目辰,2021-03-26 12:00:34
Operation Blade,茶,2021-03-26 11:59:59
Operation Blade,Thoridal,2021-03-26 11:58:38
Operation Blade,Dr_Saika,2021-03-26 11:57:54
Operation Blade,arknights-lade,2021-03-26 11:57:20
Operation Blade,甜甜汤圆吃到饱鸭,2021-03-26 11:54:32
Operation Blade,暗星永存,2021-03-26 11:49:25
Operation Blade,幽闭空间喜爱症,2021-03-26 11:49:05
Operation Blade,墨烬三生,2021-03-26 11:46:29
Operation Blade,理世-,2021-03-26 11:44:50
Operation Blade,Misurelan,2021-03-26 11:44:41
Operation Blade,田螺子_,2021-03-26 11:44:36
Operation Blade,我永远喜欢xxxx,2021-03-26 11:43:03
Operation Blade,逐千渐百,2021-03-26 11:42:34
Operation Blade,佐沦QAQ,2021-03-26 11:42:13
Operation Blade,木目泽,2021-03-26 11:40:44
Operation Blade,未央绅士,2021-03-26 11:36:37
Operation Blade,tztz_mtf03701,2021-03-26 11:36:27
Operation Blade,星极Enterprise,2021-03-26 11:30:37
Operation Blade,浮生若梦Life-is-only-illusion,2021-03-26 10:39:51
Operation Blade,AdrenalinePro,2021-03-26 10:38:52
Operation Blade,武大郎kosi,2021-03-26 10:36:46
Operation Blade,浮生若梦Life-is-only-illusion,2021-03-26 10:34:16
Operation Blade,是季白呀,2021-03-26 10:33:50
Operation Blade,天孙锦-,2021-03-26 10:33:19
Operation Blade,取名是件非常非常困难的难事,2021-03-26 10:33:15
Operation Blade,火树JayZ,2021-03-26 10:33:06
Operation Blade,钴蓝之恋,2021-03-26 10:31:16
Operation Blade,Nicholas_茗茶,2021-03-26 10:28:53
Operation Blade,骨蔓花,2021-03-26 10:27:25
Operation Blade,云华上仙,2021-03-26 10:27:04
Operation Blade,骨蔓花,2021-03-26 10:26:40
Operation Blade,鸢一彗星-channel,2021-03-26 10:26:19
Operation Blade,散发怨气的沙雕M-B,2021-03-26 10:19:57
Operation Blade,AloneOnGallifrey,2021-03-26 10:15:30
Operation Blade,Twilight_Sakura_Rain_MoonNight,2021-03-26 10:15:10
Operation Blade,CWJ_Tomato,2021-03-26 10:15:03
Operation Blade,我爸刚弄死他YE,2021-03-26 10:13:07
Operation Blade,我爸刚弄死他YE,2021-03-26 10:12:54
Operation Blade,七种布丁是茨色,2021-03-26 09:06:12
Operation Blade,头发剪一半,2021-03-26 09:05:54
Operation Blade,甜味柠檬冰,2021-03-26 09:05:39
Operation Blade,七种布丁是茨色,2021-03-26 09:05:14
Operation Blade,42个比利,2021-03-26 09:04:40
Operation Blade,东方方方子,2021-03-26 09:03:31
Operation Blade,--Geneva,2021-03-26 09:02:14
Operation Blade,高桥凉皮_7gy0,2021-03-26 09:01:33
Operation Blade,莫若无名丶,2021-03-26 09:01:10
Operation Blade,AcLinc,2021-03-26 09:00:17
Operation Blade,望叶予茗_,2021-03-26 08:59:23
Operation Blade,用户1763533266,2021-03-26 08:58:19
Operation Blade,氵六台袭,2021-03-26 08:57:28
Operation Blade,熙子鹅,2021-03-26 08:52:17
Operation Blade,_Nightglow__,2021-03-26 08:41:43
Operation Blade,赤DAZE,2021-03-26 08:41:06
Operation Blade,据说名字长可以吸引女孩,2021-03-26 08:38:53
Operation Blade,度假一天,2021-03-26 08:36:58
Operation Blade,终末_旅,2021-03-26 08:36:52
Operation Blade,手书做完没,2021-03-26 08:35:04
Operation Blade,这名字真神经,2021-03-26 07:24:34
Operation Blade,游园戏水,2021-03-26 07:23:35
Operation Blade,失落之地的帷幕,2021-03-26 07:21:27
Operation Blade,失落之地的帷幕,2021-03-26 07:20:51
Operation Blade,一只虾蛄,2021-03-26 07:20:34
Operation Blade,古舟月sama,2021-03-26 07:20:02
Operation Blade,今天太宰先生和我殉情了吗,2021-03-26 07:19:53
Operation Blade,失落之地的帷幕,2021-03-26 07:14:55
Operation Blade,深海咸鱼君,2021-03-26 07:10:34
Operation Blade,无轩至道,2021-03-26 07:08:56
Operation Blade,西枭寐,2021-03-26 07:08:29
Operation Blade,机智的金闪闪,2021-03-26 07:07:23
Operation Blade,神原~红,2021-03-26 07:06:30
Operation Blade,牧月亮的独孤氏,2021-03-26 07:04:42
Operation Blade,mykano,2021-03-26 07:03:45
Operation Blade,我真的按了专家们,2021-03-26 07:03:14
Operation Blade,s6vvcHha,2021-03-26 07:02:21
Operation Blade,逍遥无游,2021-03-26 06:58:05
Operation Blade,-卷白-,2021-03-26 06:56:32
Operation Blade,喝成长快乐啦,2021-03-26 06:48:57
Operation Blade,1220042020180132420,2021-03-26 06:14:51
Operation Blade,池鱼是饭桶可爱多,2021-03-26 06:14:33
Operation Blade,1220042020180132420,2021-03-26 06:14:08
Operation Blade,1220042020180132420,2021-03-26 06:13:21
Operation Blade,1220042020180132420,2021-03-26 06:13:05
Operation Blade,1220042020180132420,2021-03-26 06:12:22
Operation Blade,1220042020180132420,2021-03-26 06:11:59
Operation Blade,心结勿念,2021-03-26 06:11:57
Operation Blade,1220042020180132420,2021-03-26 06:11:43
Operation Blade,__岸边露伴,2021-03-26 06:11:24
Operation Blade,1220042020180132420,2021-03-26 06:11:17
Operation Blade,虾米音凡恍辛,2021-03-26 06:11:15
Operation Blade,顾晓声,2021-03-26 06:11:02
Operation Blade,1220042020180132420,2021-03-26 06:10:58
Operation Blade,L_佰,2021-03-26 06:10:53
Operation Blade,1220042020180132420,2021-03-26 06:10:40
Operation Blade,墨任然,2021-03-26 06:10:24
Operation Blade,1220042020180132420,2021-03-26 06:10:14
Operation Blade,Takuball,2021-03-26 06:09:10
Operation Blade,DL-蓝,2021-03-26 06:08:48
Operation Blade,啊啊啊啊轻久轻久,2021-03-26 05:35:16
Operation Blade,酷安网络科技CEO,2021-03-26 05:33:25
Operation Blade,Lemontrain,2021-03-26 05:32:36
Operation Blade,SaErJoJo,2021-03-26 05:32:30
Operation Blade,苘莜,2021-03-26 05:31:05
Operation Blade,苘莜,2021-03-26 05:31:01
Operation Blade,骚海二,2021-03-26 05:30:53
Operation Blade,rqaqae,2021-03-26 05:30:12
Operation Blade,文哥BESS,2021-03-26 05:30:10
Operation Blade,斤久-,2021-03-26 05:29:02
Operation Blade,浪里巴人,2021-03-26 05:28:05
Operation Blade,燕子昼,2021-03-26 05:27:47
Operation Blade,Sawiskera,2021-03-26 05:25:13
Operation Blade,042615,2021-03-26 05:23:38
Operation Blade,轰宁宁赛高,2021-03-26 05:23:09
Operation Blade,漫过青苔旧时光,2021-03-26 05:22:23
Operation Blade,执棋者jq,2021-03-26 05:22:19
Operation Blade,NOC出尘子,2021-03-26 05:22:03
Operation Blade,白拓WR,2021-03-26 05:21:24
Operation Blade,5127yst,2021-03-26 05:20:46
Operation Blade,Nevermine_Legondhhh,2021-03-26 04:57:12
Operation Blade,焚荒渡,2021-03-26 04:57:10
Operation Blade,热点百分百,2021-03-26 04:56:53
Operation Blade,重复陈词滥调,2021-03-26 04:55:14
Operation Blade,霜降official,2021-03-26 04:54:21
Operation Blade,XXXBAT,2021-03-26 04:54:10
Operation Blade,曦梦子吟,2021-03-26 04:53:42
Operation Blade,符华的符华,2021-03-26 04:52:58
Operation Blade,吧哒哒Max,2021-03-26 04:52:44
Operation Blade,-幻空-,2021-03-26 04:51:48
Operation Blade,我必须驾驶EVA,2021-03-26 04:49:28
Operation Blade,殇雪琉璃残,2021-03-26 04:48:51
Operation Blade,pinballmachine,2021-03-26 04:48:50
Operation Blade,追慕盛夏,2021-03-26 04:48:50
Operation Blade,雪鸢yukitobi,2021-03-26 04:47:57
Operation Blade,屑天痕,2021-03-26 04:47:33
Operation Blade,第二人格180721,2021-03-26 04:47:20
Operation Blade,忘千霜羡,2021-03-26 04:46:35
Operation Blade,荼蘼亦醇,2021-03-26 04:46:20
Operation Blade,疑-车-无-据,2021-03-26 04:46:01
Operation Blade,人_从众,2021-03-26 04:33:41
Operation Blade,LoZow,2021-03-26 04:33:37
Operation Blade,Sundontforget,2021-03-26 04:33:17
Operation Blade,南冠而絷者w,2021-03-26 04:33:03
Operation Blade,l言星浅,2021-03-26 04:32:49
Operation Blade,狗皮公爵-二代目,2021-03-26 04:32:03
Operation Blade,石不真,2021-03-26 04:32:03
Operation Blade,我有独特的撞壁技巧,2021-03-26 04:31:34
Operation Blade,PinkGlasses,2021-03-26 04:31:23
Operation Blade,Desparking_Jun,2021-03-26 04:31:06
Operation Blade,fanao9069,2021-03-26 04:30:49
Operation Blade,龙诗之歌,2021-03-26 04:30:09
Operation Blade,恰烂钱是吧,2021-03-26 04:30:01
Operation Blade,御坂8912,2021-03-26 04:29:21
Operation Blade,伊索暗言,2021-03-26 04:29:10
Operation Blade,YUI-you,2021-03-26 04:28:53
Operation Blade,墨非斯托斯,2021-03-26 04:28:51
Operation Blade,烟火调儿,2021-03-26 04:28:21
Operation Blade,今朝赋,2021-03-26 04:27:37
Operation Blade,可爱颂__c,2021-03-26 04:27:18
Operation Blade,存在感不强的老檀,2021-03-26 04:10:43
Operation Blade,明澈的心,2021-03-26 04:09:59
Operation Blade,久七Trouble,2021-03-26 04:09:47
Operation Blade,川,2021-03-26 04:09:45
Operation Blade,阿西塔瓦,2021-03-26 04:09:45
Operation Blade,派博桑,2021-03-26 04:09:39
Operation Blade,树医果,2021-03-26 04:09:11
Operation Blade,苏奏折,2021-03-26 04:08:37
Operation Blade,Omnisp,2021-03-26 04:08:17
Operation Blade,世界第一可爱的金鱼姬小姐,2021-03-26 04:08:02
Operation Blade,灰色燃火,2021-03-26 04:07:24
Operation Blade,水黑祈之助,2021-03-26 04:07:08
Operation Blade,夏雨天98,2021-03-26 04:06:25
Operation Blade,六柳木林,2021-03-26 04:06:10
Operation Blade,番号86,2021-03-26 04:05:35
Operation Blade,能天使的行动纲领,2021-03-26 04:04:53
Operation Blade,跨界鸽王haru,2021-03-26 04:03:53
Operation Blade,你aa啊,2021-03-26 04:03:32
Operation Blade,久七Trouble,2021-03-26 04:03:03
Operation Blade,情_四岁,2021-03-26 04:02:43
Operation Blade,胡来的zy,2021-03-26 03:49:16
Operation Blade,羽京九,2021-03-26 03:48:49
Operation Blade,札幌子_6Cma,2021-03-26 03:47:04
Operation Blade,日间失重,2021-03-26 03:46:55
Operation Blade,暖阳春雪,2021-03-26 03:46:39
Operation Blade,空夜瞬,2021-03-26 03:46:24
Operation Blade,ID---cc,2021-03-26 03:46:19
Operation Blade,高山毅志,2021-03-26 03:46:13
Operation Blade,上方势,2021-03-26 03:45:30
Operation Blade,西行寺下西行妖,2021-03-26 03:45:29
Operation Blade,天为什么是蓝的,2021-03-26 03:45:08
Operation Blade,TsunamiLSM,2021-03-26 03:44:31
Operation Blade,光头常在,2021-03-26 03:44:31
Operation Blade,ByeZombie,2021-03-26 03:44:11
Operation Blade,teruru_,2021-03-26 03:44:10
Operation Blade,伟大的squid,2021-03-26 03:43:49
Operation Blade,xl-song,2021-03-26 03:43:28
Operation Blade,落樱终会再开,2021-03-26 03:42:47
Operation Blade,Paragonebony,2021-03-26 03:42:20
Operation Blade,WAGAMONO,2021-03-26 03:41:42
Operation Blade,残叶枫影,2021-03-26 03:23:26
Operation Blade,FingersHeart,2021-03-26 03:23:17
Operation Blade,王不留行的Q版修鲁鲁,2021-03-26 03:23:08
Operation Blade,青玉案see,2021-03-26 03:22:42
Operation Blade,必德电竞,2021-03-26 03:22:24
Operation Blade,炎客激推bot,2021-03-26 03:20:57
Operation Blade,与蛇谋皮Yu,2021-03-26 03:19:50
Operation Blade,一只花叫陌陌一,2021-03-26 03:18:54
Operation Blade,yukki327,2021-03-26 03:18:24
Operation Blade,高傲的框框,2021-03-26 03:18:16
Operation Blade,我才是真正的白泽饮川哼,2021-03-26 03:17:50
Operation Blade,EternalParadise,2021-03-26 03:17:33
Operation Blade,令人尊敬喵nya,2021-03-26 03:17:30
Operation Blade,噔Duang哒,2021-03-26 03:17:19
Operation Blade,我知道网易云音乐里面最长的名字,2021-03-26 03:16:52
Operation Blade,帐号己拄硝,2021-03-26 03:16:42
Operation Blade,南琰北琴,2021-03-26 03:16:30
Operation Blade,丨流转丿,2021-03-26 03:15:36
Operation Blade,月光下彻,2021-03-26 03:15:32
Operation Blade,你看这个灵梦他又勃又有力,2021-03-26 03:15:27
Operation Blade,MagicalGirl420,2021-03-26 03:02:53
Operation Blade,醉雪梦云,2021-03-26 03:02:39
Operation Blade,Nicoso,2021-03-26 03:02:13
Operation Blade,用户1336481547,2021-03-26 03:02:10
Operation Blade,MVERYOK,2021-03-26 03:02:05
Operation Blade,清商应秋至,2021-03-26 03:02:03
Operation Blade,乌鸦摧毁停车场-,2021-03-26 03:01:53
Operation Blade,君泽Stark,2021-03-26 03:01:35
Operation Blade,忆夏先生,2021-03-26 03:01:14
Operation Blade,lop116,2021-03-26 03:00:57
Operation Blade,常诙,2021-03-26 03:00:28
Operation Blade,云村村民160931996400836,2021-03-26 03:00:06
Operation Blade,蓬蒿人190713,2021-03-26 02:59:55
Operation Blade,--Geneva,2021-03-26 02:59:48
Operation Blade,gooseeee,2021-03-26 02:59:42
Operation Blade,丿1711,2021-03-26 02:58:48
Operation Blade,Moecreeper,2021-03-26 02:58:44
Operation Blade,淳渊喜欢猫,2021-03-26 02:58:41
Operation Blade,本人不吃桃酥,2021-03-26 02:58:40
Operation Blade,螺旋自动扶梯,2021-03-26 02:58:40
Operation Blade,星之晨曦月,2021-03-26 02:51:00
Operation Blade,山姥切国广极,2021-03-26 02:50:57
Operation Blade,血墨凝笠,2021-03-26 02:50:33
Operation Blade,阿卡西雅图,2021-03-26 02:50:31
Operation Blade,卢比扬卡的洗碗工,2021-03-26 02:50:27
Operation Blade,Sunset_RollercoasterX,2021-03-26 02:50:19
Operation Blade,超科学的氮气装甲,2021-03-26 02:49:55
Operation Blade,Sunset_RollercoasterX,2021-03-26 02:49:49
Operation Blade,青祝z,2021-03-26 02:49:44
Operation Blade,内田雄马厨,2021-03-26 02:49:36
Operation Blade,minsana,2021-03-26 02:49:35
Operation Blade,我做了个白日梦,2021-03-26 02:49:31
Operation Blade,昵是冰不是水果,2021-03-26 02:49:02
Operation Blade,张砖,2021-03-26 02:48:52
Operation Blade,烽与裁决,2021-03-26 02:48:50
Operation Blade,Adonis-D,2021-03-26 02:48:47
Operation Blade,理平方加,2021-03-26 02:48:42
Operation Blade,白川bcc_,2021-03-26 02:48:31
Operation Blade,泷冬徵羽,2021-03-26 02:48:27
Operation Blade,人畜丧,2021-03-26 02:48:09
Operation Blade,我不做邦邦人啦,2021-03-26 02:36:39
Operation Blade,XLbro,2021-03-26 02:36:29
Operation Blade,坨坨qwq,2021-03-26 02:36:19
Operation Blade,仿生人会喝到电子伏特加吗,2021-03-26 02:36:13
Operation Blade,用户3724512492,2021-03-26 02:34:01
Operation Blade,甘Sworld,2021-03-26 02:32:16
Operation Blade,Z-8_,2021-03-26 02:31:31
Operation Blade,丶特能叔,2021-03-26 02:29:17
Operation Blade,一定要考上哦,2021-03-26 02:28:56
Operation Blade,授君寒衣,2021-03-26 02:28:32
Operation Blade,_一方通行_Accelerator_,2021-03-26 02:25:19
Operation Blade,青山隐隐长夜残烛,2021-03-26 02:21:32
Operation Blade,嗯maki卖可乐,2021-03-26 02:19:53
Operation Blade,人群催化剂,2021-03-26 02:19:41
Operation Blade,嗯maki卖可乐,2021-03-26 02:18:41
Operation Blade,去哪里在此地,2021-03-26 02:18:25
Operation Blade,白羽流歌,2021-03-26 02:16:54
Operation Blade,ABC勋爵,2021-03-26 02:16:50
Operation Blade,隰d,2021-03-26 02:15:40
Operation Blade,言若子_银发,2021-03-26 02:15:15
Operation Blade,Faded_Via,2021-03-26 01:20:38
Operation Blade,踩到朕的裙子了bro,2021-03-26 01:17:45
Operation Blade,少校是最强的ESP,2021-03-26 01:14:06
Operation Blade,沉眠之森,2021-03-26 01:13:41
Operation Blade,神棍Stickie,2021-03-26 01:13:03
Operation Blade,荒城与新城,2021-03-26 01:10:24
Operation Blade,11111444777a,2021-03-26 01:10:20
Operation Blade,法德瑞拉,2021-03-26 01:09:35
Operation Blade,西风古道_清明雨,2021-03-26 01:08:49
Operation Blade,听木语风,2021-03-26 01:02:19
Operation Blade,羝Neko,2021-03-26 01:02:04
Operation Blade,Ghost-axe,2021-03-26 01:00:04
Operation Blade,我可真买不起,2021-03-26 00:58:25
Operation Blade,森之林雨,2021-03-26 00:55:09
Operation Blade,Kemlie,2021-03-26 00:54:30
Operation Blade,SasakoHaise,2021-03-26 00:51:05
Operation Blade,猪头味儿的甲醛,2021-03-26 00:50:43
Operation Blade,心跳计数者,2021-03-26 00:48:22
Operation Blade,默逝依然,2021-03-26 00:47:44
Operation Blade,救救旧韭九九舅舅,2021-03-26 00:46:06
Operation Blade,笑面猫smile,2021-03-25 23:57:22
Operation Blade,鹿贺已不再,2021-03-25 23:56:27
Operation Blade,喀兰贸易,2021-03-25 23:56:15
Operation Blade,-大德曰生-,2021-03-25 23:55:57
Operation Blade,十时拾y六,2021-03-25 23:55:45
Operation Blade,AuCloud_,2021-03-25 23:54:28
Operation Blade,出来了是最骚的,2021-03-25 23:54:27
Operation Blade,-七无夜-,2021-03-25 23:54:16
Operation Blade,边缘耳,2021-03-25 23:53:13
Operation Blade,污风飞行,2021-03-25 23:53:01
Operation Blade,日历Karenda,2021-03-25 23:52:46
Operation Blade,射命丸文的照相机,2021-03-25 23:52:31
Operation Blade,Astesia_,2021-03-25 23:50:49
Operation Blade,丛林奥特曼,2021-03-25 23:47:38
Operation Blade,锦依卫-挥挥屠刀向猪羊,2021-03-25 23:46:56
Operation Blade,Mr---Veneno,2021-03-25 23:45:27
Operation Blade,Astesia_,2021-03-25 23:43:51
Operation Blade,Nishino-H,2021-03-25 23:42:33
Operation Blade,一坨萌新,2021-03-25 23:41:25
Operation Blade,不会占卜的先知,2021-03-25 23:37:07
Operation Blade,暂得欢愉,2021-03-25 22:50:12
Operation Blade,-寂静的守卫者-,2021-03-25 22:49:09
Operation Blade,拾音酱,2021-03-25 22:48:55
Operation Blade,Exec_Exiv,2021-03-25 22:47:06
Operation Blade,辞花解语,2021-03-25 22:45:09
Operation Blade,Aaknights,2021-03-25 22:45:03
Operation Blade,是虎鲸哦,2021-03-25 22:41:39
Operation Blade,Vereinzelte,2021-03-25 22:40:23
Operation Blade,-寂静的守卫者-,2021-03-25 22:40:11
Operation Blade,米呦7,2021-03-25 22:39:03
Operation Blade,黎明风浪,2021-03-25 22:37:50
Operation Blade,Imaginepeaceful,2021-03-25 22:37:49
Operation Blade,乖乖乖离,2021-03-25 22:34:50
Operation Blade,嘛叫作,2021-03-25 22:31:25
Operation Blade,星熊老婆,2021-03-25 22:29:36
Operation Blade,咸鱼药拯救世界,2021-03-25 22:24:21
Operation Blade,歆之卡比,2021-03-25 22:21:41
Operation Blade,白泽单推人,2021-03-25 22:21:34
Operation Blade,云岭-离岛,2021-03-25 22:20:50
Operation Blade,泠汐tide,2021-03-25 22:17:36
Operation Blade,Starlight_Michaelm,2021-03-25 18:35:56
Operation Blade,ErrorPlayers,2021-03-25 18:32:45
Operation Blade,LYH416,2021-03-25 18:31:46
Operation Blade,秋山Or_z,2021-03-25 18:30:48
Operation Blade,资森庸才,2021-03-25 18:28:44
Operation Blade,div2009,2021-03-25 18:26:47
Operation Blade,却忘旋律,2021-03-25 18:25:45
Operation Blade,Stan-sapphiron,2021-03-25 18:24:38
Operation Blade,用户1326789643,2021-03-25 18:24:34
Operation Blade,却忘旋律,2021-03-25 18:23:39
Operation Blade,却忘旋律,2021-03-25 18:23:30
Operation Blade,苍小玄Offical,2021-03-25 18:20:18
Operation Blade,Dr-150,2021-03-25 18:19:54
Operation Blade,jqokj,2021-03-25 18:19:13
Operation Blade,刀客塔er,2021-03-25 18:17:57
Operation Blade,祈愿的碎片,2021-03-25 18:16:47
Operation Blade,jiaerysama,2021-03-25 18:15:25
Operation Blade,北辰_玄一,2021-03-25 18:14:43
Operation Blade,_被酒莫惊春睡重-,2021-03-25 18:14:32
Operation Blade,雾夭亡,2021-03-25 18:14:30
Operation Blade,dumb_eraser,2021-03-25 17:33:33
Operation Blade,Scout-榕,2021-03-25 17:30:43
Operation Blade,Scout-榕,2021-03-25 17:29:17
Operation Blade,idealgallery,2021-03-25 17:28:59
Operation Blade,君心暗画谁会君,2021-03-25 17:24:50
Operation Blade,逗比番番,2021-03-25 17:23:47
Operation Blade,ACIDER-,2021-03-25 17:21:40
Operation Blade,五条悟和虎杖悠仁结婚bot,2021-03-25 17:20:32
Operation Blade,丑良丑影和杀手蝙蝠,2021-03-25 17:20:20
Operation Blade,-Froge-,2021-03-25 17:20:13
Operation Blade,brsssssss,2021-03-25 17:19:25
Operation Blade,虾米炒榴莲,2021-03-25 17:19:21
Operation Blade,阿西塔利亚Asitalia,2021-03-25 17:18:55
Operation Blade,花桦话画,2021-03-25 17:18:23
Operation Blade,沐汀h汐,2021-03-25 17:18:18
Operation Blade,苍白的少年,2021-03-25 17:17:04
Operation Blade,番号86,2021-03-25 17:16:39
Operation Blade,饼饼饼崽,2021-03-25 17:14:33
Operation Blade,我叫阿瓜,2021-03-25 17:11:21
Operation Blade,番茄游泳,2021-03-25 17:11:09
Operation Blade,TWZones,2021-03-25 16:40:29
Operation Blade,爱吃醋的洗衣机,2021-03-25 16:39:16
Operation Blade,黑框眼镜赛高,2021-03-25 16:38:43
Operation Blade,神马列车,2021-03-25 16:37:50
Operation Blade,某三家的古拉,2021-03-25 16:37:19
Operation Blade,Stepen1231,2021-03-25 16:36:59
Operation Blade,黑框眼镜赛高,2021-03-25 16:36:47
Operation Blade,素手绘奇华,2021-03-25 16:35:56
Operation Blade,基尔伯特中佐,2021-03-25 16:35:30
Operation Blade,信昭,2021-03-25 16:35:05
Operation Blade,ling-grey,2021-03-25 16:34:30
Operation Blade,黑框眼镜赛高,2021-03-25 16:34:21
Operation Blade,ARKELOGONg,2021-03-25 16:33:21
Operation Blade,Neoln,2021-03-25 16:33:19
Operation Blade,cihxixoyyoov,2021-03-25 16:32:55
Operation Blade,茶常,2021-03-25 16:32:28
Operation Blade,怂死了的喵,2021-03-25 16:32:08
Operation Blade,一级保护动物-单身狗,2021-03-25 16:31:51
Operation Blade,深海少女-0,2021-03-25 16:31:04
Operation Blade,今天舟渡发官粮了吗,2021-03-25 16:30:59
Operation Blade,烨出箴言,2021-03-25 16:11:30
Operation Blade,phSSR,2021-03-25 16:11:10
Operation Blade,烨出箴言,2021-03-25 16:11:09
Operation Blade,额好多个十多块,2021-03-25 16:10:50
Operation Blade,风里霜,2021-03-25 16:09:53
Operation Blade,长江里加,2021-03-25 16:09:52
Operation Blade,Pyrrhic-Entropy-H-D,2021-03-25 16:09:05
Operation Blade,Tarrailt,2021-03-25 16:08:11
Operation Blade,万川秋水月,2021-03-25 16:08:10
Operation Blade,花椒2020,2021-03-25 16:05:23
Operation Blade,一只小闪电2019,2021-03-25 16:03:50
Operation Blade,_两仪式shiki,2021-03-25 16:02:34
Operation Blade,桥上的御坂台盼蓝,2021-03-25 16:01:23
